_condition_signature,Adsorbent,Pollutant,Capacity,oof_prediction,oof_absolute_error,oob_predicted_risk,fold,rf_tree_std,nn_distance_mean,local_label_std,nearest_source_label_gap,domain_target_probability,log_target_source_odds,unsupported_flag,absolute_prediction
8181753403025536020,Pristine SCW Biochar,NXP,0.0,6.625008255773341,6.625008255773341,3.8510555800022908,4,6.059016343938804,0.8971536691096056,6.66367690759414,7.546194034226659,0.705770777576032,0.8749313754555692,0.0,6.625008255773341
7236922260448317948,Pristine SCW Biochar,NXP,14.17120229,12.644340750465261,1.526861539534739,6.514998055328463,5,5.742913649659179,0.8712026159158581,6.8193552357352925,12.644340750465261,0.7062762164803126,0.877366588568772,0.0,12.644340750465261
10541473202442348931,Pristine SCW Biochar,NXP,16.32788388,15.76098456596682,0.5668993140331811,2.7597618772308246,3,2.305533971981646,0.8528873902437798,5.110554611049971,1.5897822759668205,0.7541752538602244,1.1210059051962271,0.0,15.76098456596682
14139316452646737785,Pristine SCW Biochar,NXP,17.22177881,16.30752574992381,0.9142530600761916,0.5362810366245206,1,1.5593338080478574,0.841466062456312,5.118017409967199,0.020358130076193248,0.7497020186023999,1.0970236853789899,0.0,16.30752574992381
9763024518987940014,Pristine SCW Biochar,NXP,16.51826825,16.694621276091837,0.17635302609183867,0.44567557807982244,4,0.8137446989040694,0.8690199760943293,5.1854728786501685,0.5271575339081629,0.7065805321901093,0.87883396719746,0.0,16.694621276091837
15887886292177259301,Pristine SCW Biochar,NXP,16.7887568,16.66140497748184,0.12735182251816113,0.5937161485058864,1,1.3957348519798596,0.9758119344057313,5.227457948706655,0.14313672748184203,0.7220308941603837,0.9545579502312852,0.0,16.66140497748184
17949875270163903850,Pristine SCW Biochar,NXP,17.23071592,16.86376401274819,0.36695190725180993,0.3917905764262014,2,0.6570920555378104,1.168078619958472,5.264828417065732,0.07500721274819,0.7815239272025836,1.2745692645233255,0.0,16.86376401274819
4187943329359161438,Pristine SCW Biochar,NXP,17.23813835,16.666449107978938,0.571689242021062,0.69437386626375,1,1.4003898096868703,1.315621438068772,0.757624569983654,0.5642668120210637,0.7216896207084197,0.9528581950780602,0.0,16.666449107978938
9458265099261401006,Pristine SCW Biochar,NXP,17.23813835,16.288330815407754,0.9498075345922459,0.7490612691143347,4,1.1939943976655294,1.4612925829190668,0.9723111210013762,0.9498075345922459,0.8087785443052791,1.4420929292437958,0.0,16.288330815407754
7977060853338463678,Pristine SCW Biochar,DCF,0.0,6.393426182771456,6.393426182771456,3.948620762802461,1,6.024811293864953,0.8971536691096056,6.396267477340716,7.525262207228544,0.6469613981531019,0.6057092252688071,0.0,6.393426182771456
2198341659602545558,Pristine SCW Biochar,DCF,13.91868839,9.898063642771604,4.020624747228396,3.4500754538596636,2,5.477024057249544,0.8712026159158581,6.470544568565578,4.891110627228397,0.6562297280775158,0.6465373027728046,0.0,9.898063642771604
16807819990896503937,Pristine SCW Biochar,DCF,14.78917427,14.962742323837492,0.1735680538374922,1.8982414694313632,4,1.9966448435730226,0.8528873902437798,4.871976771963051,1.0440539338374926,0.6831068149710611,0.7680864768727763,0.0,14.962742323837492
13812801542056912939,Pristine SCW Biochar,DCF,15.72133017,15.106468307375042,0.6148618626249576,0.5224361829966091,3,1.4544930360329118,0.841466062456312,5.012492320162865,0.31729403737504214,0.6546175597194517,0.6393988611947983,0.0,15.106468307375042
13242703023455998404,Pristine SCW Biochar,DCF,15.38987776,15.452551537728446,0.06267377772844718,0.402351322833353,5,0.665264067074235,0.8690199760943293,5.059966461628559,0.2687786322715535,0.6952711321159795,0.824879464148146,0.0,15.452551537728446
10135693571581433359,Pristine SCW Biochar,DCF,15.42913262,15.747142406713833,0.31800978671383184,0.44525642749851096,4,0.4550935121318418,0.9758119344057313,5.0352927056579215,0.3572646467138334,0.6998684089690178,0.8466713149313252,0.0,15.747142406713833
6008478156415646104,Pristine SCW Biochar,DCF,15.57221697,15.580519030457605,0.00830206045760562,0.36455780929668813,2,0.3103787899150321,1.168078619958472,4.991561772127146,0.15138641045760437,0.6916505320965974,0.8078470408247558,0.0,15.580519030457605
9471353462145092340,Pristine SCW Biochar,DCF,15.90465766,15.508797058143617,0.3958606018563824,0.266132466038463,1,0.3427878140994258,1.168186650036245,0.841794131579119,0.06341991185638207,0.7411686322189436,1.0520514132496215,0.0,15.508797058143617
5638615342311838916,Pristine SCW Biochar,DCF,14.99661152,15.038064318971877,0.0414527989718767,0.5640579385675347,2,0.4892363530068417,1.0855657315131675,0.8477612986556624,0.8132984089718764,0.7691467185768277,1.2034993793172721,0.0,15.038064318971877
7005060955217620126,Pristine SCW Biochar,IBU,0.0,5.7269368611294595,5.7269368611294595,4.987566529962719,2,5.740811045651647,0.8971536691096056,6.513799151563903,9.144356708870541,0.7714157311967188,1.2163225050044315,0.0,5.7269368611294595
2505532420871944950,Pristine SCW Biochar,IBU,14.87129357,10.089946043251576,4.781347526748425,5.374874255499249,2,5.618371290833007,0.8712026159158581,6.597747356119667,10.089946043251576,0.771992445900797,1.219596004454671,0.0,10.089946043251576
17702078877809221217,Pristine SCW Biochar,IBU,15.68799021,14.99977299961444,0.6882172103855613,0.9762653672520643,5,1.8678890312831682,0.8528873902437798,4.998546607329266,0.1284794296144387,0.7163971730300228,0.9266599613336028,0.0,14.99977299961444
14944427793197308491,Pristine SCW Biochar,IBU,16.10270243,15.841492160923602,0.26121026907639866,0.5142251176270628,5,1.1456983415718294,0.841466062456312,5.111238688370987,0.15350195092360153,0.7737164322967736,1.2294165028053934,0.0,15.841492160923602
10951857324102232612,Pristine SCW Biochar,IBU,16.33182844,16.009763432672063,0.32206500732793586,0.4143011841189834,2,0.7285835980256841,0.8690199760943293,5.119351421142621,0.09293899732793776,0.7760007009059412,1.2425105006063526,0.0,16.009763432672063
8883391426004463471,Pristine SCW Biochar,IBU,16.56544362,16.0522843361698,0.5131592838301984,0.3912471337108108,2,0.6951974145669086,0.9758119344057313,5.082404689189562,0.27954410383019734,0.7502535130159573,1.0999648154701955,0.0,16.0522843361698
13016132821430166328,Pristine SCW Biochar,IBU,16.37114691,16.147917299484934,0.22322961051506596,0.48195305282788936,2,0.6291622149323465,1.168078619958472,5.115909648513405,0.41752632051506566,0.7626646115583305,1.167344087322179,0.0,16.147917299484934
10446930094873696724,Pristine SCW Biochar,IBU,16.63389065,16.239781054190622,0.394109595809379,0.5772536368354042,1,0.48932354556955726,1.315621438068772,0.7160457618582233,0.13136585580937776,0.7697517698196701,1.2069100974229188,0.0,16.239781054190622
2828512855804384036,Pristine SCW Biochar,IBU,15.1857729,15.828736697180934,0.6429637971809345,0.6714128920341994,4,1.3838283349047622,1.4612925829190668,1.033895672634509,0.805153952819067,0.7979370583045553,1.373450478615965,0.0,15.828736697180934
13460432265287287620,Pristine SCW Biochar,NPX,16.12273579,16.85787679598962,0.7351410059896182,3.2491883650917,4,1.958059764263439,2.5015163384434183,1.854850367664814,0.9735016440103834,0.7147275538507464,0.9184567514740836,0.0,16.85787679598962
1047462354771481853,Pristine SCW Biochar,NPX,15.137365115,15.252321822389426,0.11495670738942643,0.4852666150199739,3,0.5495569148169512,1.4445389368814987,0.9789900347344692,0.08416941238942677,0.7270271598357166,0.9795915319612264,0.0,15.252321822389426
11643009746185956924,Pristine SCW Biochar,NPX,13.19496083,14.925478691494169,1.7305178614941692,0.7233642652184659,3,0.7356737575551601,2.453381790001885,1.1197099777472088,0.35355144149416873,0.7214388411187536,0.9516099720584583,0.0,14.925478691494169
10005146382352975235,Pristine SCW Biochar,NPX,13.69478026,13.910253002759644,0.21547274275964412,7.408897569067894,2,0.5987581495283026,3.4623309967475144,51.2561135597584,0.16837802724035633,0.7295390542353686,0.9922851922372231,0.0,13.910253002759644
12111026322542349949,Pristine SCW Biochar,DCF,17.83137844,16.238484895975333,1.592893544024669,0.7876419483218658,2,1.6180291136629408,2.396391582795522,1.70729070736045,0.11574910597533261,0.7315667209280521,1.0025860394198265,0.0,16.238484895975333
515999279121281285,Pristine SCW Biochar,DCF,14.63109228,14.28699709088929,0.34409518911071046,0.8650686450257238,4,0.6866039655742515,2.358704473617665,1.143674507470258,0.2849301591107096,0.7195348779218149,0.9421556251095683,0.0,14.28699709088929
2236800564703252766,Pristine SCW Biochar,DCF,14.07863103,13.913417007324645,0.16521402267535557,6.457511389863555,1,0.5659021591563514,3.4573203090311346,51.33789818507642,0.8702453873246441,0.7147651925157015,0.918641359711522,0.0,13.913417007324645
14145455791997218909,Pristine SCW Biochar,IBU,20.34218255,15.877464452734214,4.464718097265786,0.7941151610075665,5,0.9813035594074441,2.5112029736358665,1.1343165103246116,1.9539139872657874,0.7817218031575308,1.2757285452839378,0.0,15.877464452734214
15368989010209991013,Pristine SCW Biochar,IBU,14.57192725,14.973107636737181,0.40118038673718104,1.008988480889454,3,0.9773348311758568,2.4619203930191587,1.375953572108226,0.3420153567371802,0.7062983539145815,0.8774733029988488,0.0,14.973107636737181
3656096480025640062,Pristine SCW Biochar,IBU,13.04317162,14.341935191264504,1.2987635712645034,8.245073870823553,4,0.9748292567767483,3.4667829029701926,51.13719625826648,0.6471549312645042,0.8238051002271327,1.542343205668846,0.0,14.341935191264504
13834514112846599910,Pristine SCW Biochar,NPX,15.16815241,15.599364250397802,0.43121184039780225,0.46073406649248755,2,0.5828085942985942,1.3903769701534354,0.83438267839509,0.4619991353978019,0.6969123343564472,0.8326375379587767,0.0,15.599364250397802
7541925338719544901,Pristine SCW Biochar,NPX,15.04282343,15.937994199466141,0.8951707694661408,0.6077618433902455,3,0.5170228486707777,1.4430964126338561,0.7343446698434272,0.7698417894661418,0.7367884027049786,1.0293424835802016,0.0,15.937994199466141
17921206181751419838,Pristine SCW Biochar,NPX,15.71492368,17.059296437962317,1.3443727579623168,0.5335121696141016,2,0.5838754207239026,1.4694963314082072,1.0403183769940936,0.32241768796231796,0.7645474333514194,1.177774590712914,0.0,17.059296437962317
11187653991861819706,Pristine SCW Biochar,NPX,16.73687875,17.111485821496892,0.374607071496893,0.7092510654110897,4,0.9542967965056098,1.5601316466215798,1.0684553711071247,0.7548763385031094,0.7863425283611125,1.3030183513455575,0.0,17.111485821496892
11759389152912073140,Pristine SCW Biochar,NPX,17.86636216,18.10485366096944,0.23849150096943816,1.0630707649930338,4,1.1287024331319082,1.82003637616199,1.120826642229707,1.3679749109694406,0.7992334970838137,1.381510583968646,0.0,18.10485366096944
13037060468136575704,Pristine SCW Biochar,DCF,14.22476591,15.233080693185109,1.0083147831851083,0.28924764459974944,1,0.43867402417222445,1.0528047558900915,0.7420947915685213,0.23646917318510852,0.6689609827093962,0.7034894911768717,1.0,15.233080693185109
6835349482723548687,Pristine SCW Biochar,DCF,15.65756507,15.480890742768974,0.1766743272310265,0.478073358621579,5,0.5943660257122937,1.0162753058267069,0.6535370199788144,0.33900206723102677,0.6336057293087737,0.5477168870110224,1.0,15.480890742768974
86144657109185607,Pristine SCW Biochar,DCF,16.3763204,15.692004779320875,0.6843156206791257,0.34444120563079944,4,0.52012503484437,1.1094568907195383,1.1833364051702746,0.2919825806791252,0.5738986240624194,0.2977754779468954,1.0,15.692004779320875
3844158192553614737,Pristine SCW Biochar,DCF,16.54598831,16.6258728998818,0.07988458988180014,0.5834650280221652,1,0.6354933164861872,1.1123143470727,1.0443685982781654,0.8721798401181999,0.5587700050911569,0.23617167867932162,1.0,16.6258728998818
17044198096516743746,Pristine SCW Biochar,DCF,18.1455107,17.01141357983432,1.1340971201656806,0.5433847986076141,1,0.5143879962283698,1.120802724010152,0.6516432429699667,0.5470003198343178,0.47534762765958116,-0.09868951128277807,1.0,17.01141357983432
5878389526016249720,Pristine SCW Biochar,DCF,17.8554984,18.083172316119953,0.22767391611995436,0.5603124299751081,4,0.8959885457123559,1.2994964274054377,0.7238319679670011,0.13595764611995165,0.4135095323289592,-0.34947584806740295,1.0,18.083172316119953
5591679018687253782,Pristine SCW Biochar,DCF,15.10557605,15.058267021113668,0.047309028886331816,0.36511030509196635,5,0.5951279191852886,1.0530150760636379,0.839074265899315,0.19297035111366867,0.22693491918262615,-1.2256999608234755,1.0,15.058267021113668
6095630501031745419,Pristine SCW Biochar,DCF,15.81989281,15.612294722316566,0.20759808768343468,0.3650407619294072,5,0.5427297662616564,0.9218691631049358,0.9361751112936583,0.18036330768343412,0.24221172940408878,-1.1405917616981947,1.0,15.612294722316566
15394119192140264801,Pristine SCW Biochar,DCF,15.98398736,15.858416908031082,0.12557045196891892,0.6270224582915749,5,0.7204842001297875,0.9532752708472054,0.7977351551914896,0.9591737280310824,0.19918784240983897,-1.3913780984828206,1.0,15.858416908031082
12971290572608913593,Pristine SCW Biochar,DCF,17.49805274,16.678605418261498,0.819447321738501,0.3903551981902185,3,0.6140422962301706,0.953275270847205,0.9615931701772029,0.1733755117385023,0.1479432519120428,-1.7508243631401532,1.0,16.678605418261498
17963337656926381207,Pristine SCW Biochar,DCF,16.46441326,17.86596403571374,1.4015507757137406,0.4950704614065584,5,0.4323329324551173,0.9581688779268788,1.0973658102794546,0.27954666428625785,0.12293110426503975,-1.9649614771916781,1.0,17.86596403571374
12210244203044246562,Pristine SCW Biochar,DCF,17.94721467,18.110049524303758,0.16283485430375677,0.6909704815728765,5,0.4944931860530537,1.244766192298266,0.9427317187824189,0.2545511243037595,0.10491791854969229,-2.1437371088366963,1.0,18.110049524303758
5081100663667087079,Pristine SCW Biochar,DCF,14.86529667,15.059297126273428,0.19400045627342877,0.3496402132990525,5,0.5470570415778577,1.2630455089750758,0.5676041235008837,0.04627892372657172,0.04859334963641047,-2.9744548912691187,1.0,15.059297126273428
14693150122658306750,Pristine SCW Biochar,DCF,15.79265803,15.484873014339891,0.30778501566010874,0.4828314403981594,1,0.42878524647439115,1.1250838167637216,0.847391144331663,0.3350197956601093,0.041877478135321375,-3.1302274954349683,1.0,15.484873014339891
4884650902774039844,Pristine SCW Biochar,DCF,14.89924318,16.065529449916433,1.1662862699164336,0.34946013773025414,2,0.3850013713593796,1.1134789089298223,0.7351397128078806,0.0815420899164323,0.03605460341485612,-3.2860000996008187,1.0,16.065529449916433
10810312005825110651,Pristine SCW Biochar,DCF,16.85198093,16.786329612280706,0.06565131771929344,0.512100173783941,1,0.8792982404309521,1.1134789089298218,1.1433004483358882,0.7117231277192921,0.025972968384628953,-3.6243827367883092,1.0,16.786329612280706
4167504767039083720,Pristine SCW Biochar,DCF,16.92112006,18.081064225295535,1.159944165295535,0.6389797727098081,5,0.5512126208288285,1.1349879615393623,1.1439222834223821,1.616650965295534,0.020045255799783997,-3.889513883921408,1.0,18.081064225295535
6278694175271680070,Pristine SCW Biochar,DCF,18.44515428,17.685879215589736,0.7592750644102644,0.5379231694629586,2,0.6037721504203001,1.3609453609728672,1.0435886504730478,0.26133545441026484,0.019114690420415845,-3.9379983696059893,1.0,17.685879215589736
8005611472313024958,Pristine SCW Biochar,IBU,15.19106237,15.216289667230484,0.02522729723048478,0.6268965390854928,1,0.7215822814514827,1.3609453609728674,0.9621598675158936,0.8947344572304843,0.009564933078243397,-4.640040701787558,1.0,15.216289667230484
15462049524683714789,Pristine SCW Biochar,IBU,15.91745587,15.802150128988762,0.11530574101123747,0.43861779670566226,4,0.7428368608627006,1.134987961539362,1.0438711320346261,0.4784765710112371,0.008710081987125935,-4.734525838708754,1.0,15.802150128988762
14098218421021899461,Pristine SCW Biochar,IBU,16.82199275,16.195238338342705,0.626754411657295,0.6658979372110667,4,0.9271073565216589,1.1134789089298223,1.2603084580689863,1.2876778616572935,0.006318990797615999,-5.05785672737012,1.0,16.195238338342705
8802075076774159687,Pristine SCW Biochar,IBU,17.59547284,17.440529994157306,0.1549428458426938,0.4193699299542048,1,0.8836443370469299,1.1134789089298216,1.1062756793674335,0.061536154157305845,0.007237268426066595,-4.921247848492242,1.0,17.440529994157306
10035148974128667207,Pristine SCW Biochar,IBU,18.62695681,18.03154940153834,0.5954074084616607,0.41543512877314187,4,0.8647481195692097,1.1250838167637198,0.9553942683836555,0.14392330846166246,0.004836986712446078,-5.326614609417359,1.0,18.03154940153834
1434047947901245121,Pristine SCW Biochar,IBU,19.44918292,18.495319973026962,0.953862946973036,0.726626308601665,3,0.49769835315543137,1.3039757047128289,0.8582935838769501,0.9972028269730373,0.0033688705734942516,-5.689803174191645,1.0,18.495319973026962
17685554107923277188,Pristine SCW Biochar,IBU,14.32155521,15.885357404653982,1.5638021946539826,0.4160399623449544,2,0.8146992992703751,1.2507209263450192,0.8131540704768067,0.6942950346539831,0.0016049719387401734,-6.4330427449180165,1.0,15.885357404653982
10318845259088274007,Pristine SCW Biochar,IBU,16.2806267,16.1214365859823,0.15919011401770078,0.4899409970379897,3,0.6197016324225031,0.9581688779268791,1.1093735291287916,0.20398071598229883,0.0013475964003630645,-6.608084212356909,1.0,16.1214365859823
16909384172031674935,Pristine SCW Biochar,IBU,17.4829162,16.507817882430572,0.9750983175694259,0.3032057534648366,2,0.4518562443127599,0.9532752708472056,1.1108299562757271,0.01772590243057337,0.0008368009794104954,-7.085087142937876,1.0,16.507817882430572
8277735782492451337,Pristine SCW Biochar,IBU,17.37899384,18.203478446930827,0.8244846069308274,0.5308904645467143,2,0.6593635154736076,0.9532752708472065,1.0269130737931471,0.6080056069308277,0.0010373069673412759,-6.8700895334020275,1.0,18.203478446930827
6104056546037753352,Pristine SCW Biochar,IBU,18.17547271,18.155510179599236,0.019962530400764678,0.5770651716895145,4,0.8798715225266406,0.9581688779268823,1.0510396719843629,0.47144663040076296,0.0008074062549325389,-7.120875870186652,1.0,18.155510179599236
11301538891675795269,Pristine SCW Biochar,IBU,19.4925228,18.862200277576893,0.630322522423107,0.726355726262186,5,0.4750230185463157,1.264672823454869,0.8513900050872887,0.614752322423108,0.0006284269087645395,-7.371662206971278,1.0,18.862200277576893
4706177355981326037,Pristine SCW Biochar,IBU,15.1857729,15.88608629510198,0.7003133951019809,0.782945360922996,2,0.8177566055833752,1.4050572211691459,1.0583696716714273,1.5645310851019811,0.00017534117506025205,-8.648601553667428,1.0,15.88608629510198
7141086523461716140,Pristine SCW Biochar,IBU,16.34091101,16.2410613625267,0.09984964747329883,0.534174544757421,2,0.4303389294948174,1.12827666078514,1.1257237022920883,0.03956533747329871,0.0001901415764588185,-8.567551464369613,1.0,16.2410613625267
7433009693820879975,Pristine SCW Biochar,IBU,16.49009198,16.840741279444245,0.35064929944424605,0.5604820368287151,3,0.8247498861677913,1.1134789089298232,1.0191266476383447,0.6421749205557532,0.00021526625165684194,-8.443419626772382,1.0,16.840741279444245
11985200381919112411,Pristine SCW Biochar,IBU,17.71615814,17.566779429635943,0.1493787103640578,0.4437265694960782,1,0.7711846117000843,1.113478908929825,1.1101105163918954,0.1877855896359435,0.00017260178960489014,-8.66435079417132,1.0,17.566779429635943
6138360871993594151,Pristine SCW Biochar,IBU,18.6463515,18.176713280067734,0.46963821993226773,0.44469145726362364,1,0.6869391911575424,1.146426192343832,1.0410917152670958,0.0012405700677327047,0.0001016091348377815,-9.194275502743459,1.0,18.176713280067734
416113312277554450,Pristine SCW Biochar,IBU,19.4769526,18.878800603802663,0.5981519961973376,0.77998717167366,1,0.5062482078345972,1.50578948891028,0.9565754507694392,0.6137221961973367,0.00013491408865159762,-8.910737439269933,1.0,18.878800603802663
1552924646859635109,Pristine SCW Biochar,NPX,15.34058377,14.56747331824326,0.7731104517567395,0.514853357099962,1,0.6454583370916197,2.164444916522228,0.8189593954653721,0.24075127175673927,0.724874134222627,0.9687693451216328,0.0,14.56747331824326
11837763596678212797,Pristine SCW Biochar,NPX,15.84978407,15.774228292912946,0.07555577708705385,0.5838713180352284,2,0.656108285531061,2.164444916522228,0.7768371650319272,0.010316887087054027,0.6832878477479319,0.7689228926753565,0.0,15.774228292912946
5274733365413069900,Pristine SCW Biochar,DCF,14.49480101,14.972593899897566,0.4777928898975663,0.4627388684651141,5,0.6918214220289802,2.039554241803332,0.8095503395632254,0.16436930989756604,0.6899510166350702,0.7998903088360082,0.0,14.972593899897566
6206971621561388548,Pristine SCW Biochar,DCF,15.34495767,15.55523642448775,0.21027875448775113,0.5725664990750264,2,0.5477235692293783,2.039554241803332,0.7881342412906279,0.22930875551224972,0.7056654352924708,0.8744241419538787,0.0,15.55523642448775
17615662448436470124,Pristine SCW Biochar,IBU,14.80822459,14.701932743021928,0.10629184697807226,0.6827075922309969,1,0.9345868829661786,2.176114740048029,0.9613183863736225,0.207131733021928,0.7717310309854662,1.2181114615294835,0.0,14.701932743021928
10020431318658832484,Pristine SCW Biochar,IBU,15.78454518,15.646308587390354,0.13823659260964583,0.7001108227800888,3,0.8324404192872576,2.176114740048029,0.9005997808413692,0.301350917390355,0.7787797004124215,1.258569172220764,0.0,15.646308587390354
5245461172282193578,NaOH-activated SCW biochars,NXP,0.0,157.1469816485543,157.1469816485543,11.685726813184607,1,13.927712702806977,0.897153669109608,69.1210581870316,12.613830648554284,0.7165032240383271,0.9271819961287662,0.0,157.1469816485543
14264870295495404770,NaOH-activated SCW biochars,NXP,144.533151,125.90275334637862,18.630397653621387,42.37472168300166,3,52.02602002678797,0.8712026159158597,73.67710193026574,24.29614715362139,0.7043008019702878,0.8678628256809098,0.0,125.90275334637862
16713817584777694125,NaOH-activated SCW biochars,NXP,150.1989005,130.05116730922168,20.147733190778325,43.01457534035122,3,49.38694371721669,0.8528873902437851,64.08838091216282,14.481983690778321,0.695834710124465,0.8275408763352337,0.0,130.05116730922168
4685062341137994735,NaOH-activated SCW biochars,NXP,157.48997,144.7158898791518,12.774080120848197,32.79792982775193,5,41.81945747742213,0.8414660624563222,62.52984287950898,5.483010620848205,0.7058200088106557,0.8751684650205174,0.0,144.7158898791518
4194593071474876456,NaOH-activated SCW biochars,NXP,176.1731686,145.41642643645048,30.756742163549518,37.38781132213027,5,41.302293382298984,0.869019976094332,59.954543783664654,12.07354356354952,0.6999756420913745,0.8471818730366754,0.0,145.41642643645048
8373899818906124747,NaOH-activated SCW biochars,NXP,193.5824935,173.1485589684552,20.433934531544793,30.448386810670254,4,24.61849134295396,0.9758119344057306,61.881874082103145,3.0246096315447915,0.7386308394557366,1.0388644392757447,0.0,173.1485589684552
9634413510874778580,NaOH-activated SCW biochars,NXP,193.6168628,186.2178481934569,7.399014606543119,31.593661636431815,1,21.294864771025384,1.168078619958472,62.90268424041477,7.8897892065430995,0.7108586351169643,0.8995578642405198,0.0,186.2178481934569
12199379342522602808,NaOH-activated SCW biochars,NXP,194.1076374,180.2684550875998,13.839182312400197,44.41901416134721,5,30.440460167037806,1.222691194974013,59.294800627727746,13.348407712400217,0.7162114162295624,0.9257458598424425,0.0,180.2684550875998
2118038893511881000,NaOH-activated SCW biochars,NXP,191.04670835,191.35407800155315,0.30736965155315943,47.10437267351291,2,27.33887462680553,1.2777515088033595,73.72979766081913,61.069562901553155,0.7236044576327666,0.9624119495637574,0.0,191.35407800155315
6649734107257574144,NaOH-activated SCW biochars,DCF,0.0,86.31101735966227,86.31101735966227,14.25122079707113,1,23.914496235241973,0.8971536691096084,50.44529658458146,0.85987614966227,0.6129414743103577,0.4596935464020279,0.0,86.31101735966227
214489569330710424,NaOH-activated SCW biochars,DCF,85.45114121,86.31101735966227,0.85987614966227,27.97057507898368,1,23.914496235241973,0.8712026159158599,50.67074312967249,4.7406111503377275,0.6325862220515108,0.5433278574614695,0.0,86.31101735966227
1825449701767930527,NaOH-activated SCW biochars,DCF,91.05162851,83.54318697126278,7.508441538737216,22.931186493256543,4,22.47389700113032,0.8528873902437855,41.609678851895374,1.9079542387372186,0.6906317766962733,0.8030745684586239,0.0,83.54318697126278
17485199630258976541,NaOH-activated SCW biochars,DCF,95.45575979,86.18523908438654,9.270520705613464,22.638202893673252,2,17.15517594418669,0.8414660624563224,43.24257653972221,4.8663894256134625,0.6916714223313951,0.8079449946850299,0.0,86.18523908438654
13986775416817193490,NaOH-activated SCW biochars,DCF,102.0173098,86.62476225390202,15.392547546097987,20.34677199026937,2,16.64488324190214,0.8690199760943325,47.277072502479946,8.830997536097982,0.6261030543304215,0.5155347679755174,0.0,86.62476225390202
14150664927640470001,NaOH-activated SCW biochars,DCF,92.89581855,95.95916917420465,3.063350624204645,8.085964727877224,4,7.550252071374096,0.9758119344057326,53.60931781617853,6.05814062579536,0.6640186359627567,0.6812545210414171,0.0,95.95916917420465
17917615021032268182,NaOH-activated SCW biochars,DCF,98.33483822,96.10614634350645,2.228691876493542,4.972856660751973,5,4.908154304810342,1.1680786199584725,46.25903753058266,2.425291546493554,0.7019601130350589,0.8566492569490864,0.0,96.10614634350645
1320219283924172994,NaOH-activated SCW biochars,DCF,98.53143789,95.64395433112666,2.887483558873342,5.964907729121391,4,5.87292792567223,1.1222599340966561,32.79463557291215,2.69088388887333,0.655839130816421,0.6448063404189176,0.0,95.64395433112666
8967210610406948114,NaOH-activated SCW biochars,DCF,92.52561308,97.08051689659015,4.554903816590155,9.334408658241701,2,9.071906995189003,0.952785866206449,41.77452680423222,12.348054396590157,0.6888483809847694,0.794740875842967,0.0,97.08051689659015
9758693426870392352,NaOH-activated SCW biochars,IBU,0.0,54.21341231445573,54.21341231445573,33.42170087551499,5,26.243780395320712,0.897153669109608,42.465267876374895,17.048456765544266,0.6689076087727577,0.7032484831094176,0.0,54.21341231445573
15105263796712302264,NaOH-activated SCW biochars,IBU,71.26186908,57.12860292822011,14.133266151779885,36.900967379105204,4,23.79736592690349,0.8712026159158597,49.364474415236145,57.12860292822011,0.7396169670874359,1.0439786897211498,0.0,57.12860292822011
1973144803701592767,NaOH-activated SCW biochars,IBU,73.30368092,57.33866576197196,15.965015158028045,31.913372740177298,1,20.19727647582146,0.8528873902437851,41.72285808491886,13.923203318028037,0.740085675729448,1.0464139028343529,0.0,57.33866576197196
5290555006896039165,NaOH-activated SCW biochars,IBU,79.17594846,71.40469118114743,7.771257278852573,6.82802580079426,5,6.479075452050353,0.8414660624563222,44.19133829751138,1.8989897388525776,0.7410214493383551,1.0512843290607585,0.0,71.40469118114743
6525715953273260978,NaOH-activated SCW biochars,IBU,79.91301527,71.96255896276841,7.95045630723159,7.936570134473486,5,4.7113155267018785,0.869019976094332,49.07605932150742,7.213389497231589,0.6814382321715966,0.7603892221808888,0.0,71.96255896276841
10242914612736322065,NaOH-activated SCW biochars,IBU,68.49643457,77.64253345092357,9.14609888092356,7.427629431691353,3,3.9868514833648363,0.9758119344057306,55.154987881057515,2.270481819076437,0.6976459811759245,0.8361132052147138,0.0,77.64253345092357
11851203687420530550,NaOH-activated SCW biochars,IBU,75.44196368,74.59530001033038,0.8466636696696241,8.663225987722008,1,7.820981877800208,1.168078619958472,47.03212074244665,5.335493729669622,0.7110234189665827,0.9003597169866094,0.0,74.59530001033038
5948951389096726370,NaOH-activated SCW biochars,IBU,79.93079374,74.144155684703,5.786638055297004,6.846935095381461,2,5.427608889904699,1.222691194974013,48.71962186348012,1.2978079952970063,0.7423346834613911,1.0581386772688444,0.0,74.144155684703
7280493372433106610,NaOH-activated SCW biochars,IBU,73.65280341,76.76257859831705,3.1097751883170446,12.006196631609644,2,9.532917136356469,1.2777515088033595,47.97843289603666,6.374011258317054,0.761047994582335,1.158433706041683,0.0,76.76257859831705
3099091790055441418,NaOH-activated SCW biochars,NXP,64.2882987,191.35696507320316,127.06866637320316,32.73448649822002,2,27.3287519100366,1.6546535574354913,55.42924351787537,61.07244997320316,0.6569803478856963,0.6498663658247792,0.0,191.35696507320316
14606981018865399406,NaOH-activated SCW biochars,NXP,130.2845151,168.12070600343665,37.83619090343666,43.2476322643364,3,40.59396988676677,1.3652556555777136,68.88954711545037,22.926002346563337,0.7458689000788356,1.0766995723151627,0.0,168.12070600343665
972169340502199595,NaOH-activated SCW biochars,NXP,246.5544737,191.44103998696983,55.11343371303016,40.770613105384214,2,27.333289878762628,1.3652556555777136,66.57600186162978,74.77158171303017,0.7988924692201095,1.3793866109940986,0.0,191.44103998696983
7853680181652163053,NaOH-activated SCW biochars,NXP,266.2126217,184.83161725316094,81.38100444683906,39.01686066438969,1,33.92436945732166,1.6546535574354906,64.90655411002845,61.722856446839046,0.7108453339111401,0.8994931512279737,0.0,184.83161725316094
11868060160872618720,NaOH-activated SCW biochars,DCF,62.57653284,87.75574494939785,25.179212109397852,5.051176634696723,3,4.205920046738591,1.525950294535352,20.261353165209023,5.4548941606021515,0.7545007274338159,1.1227622581747794,0.0,87.75574494939785
3016108467998859332,NaOH-activated SCW biochars,DCF,93.21063911,92.34468796426492,0.8659511457350817,3.679631929363833,1,7.725686896050329,1.1523676705313366,18.21900814309755,0.18092511573507863,0.7414380617951118,1.0534563556757488,0.0,92.34468796426492
7603751292881397173,NaOH-activated SCW biochars,DCF,100.369383,92.04960443001897,8.319778569981025,29.85963445776494,3,24.624586783427624,1.1523676705313373,49.594199019047956,4.160005910018967,0.7467437205524615,1.081320109754286,0.0,92.04960443001897
10268120446812960067,NaOH-activated SCW biochars,DCF,87.88959852,92.51342357128489,4.623825051284882,12.786177840537785,1,8.11203588139999,1.5259502945353516,71.38114992924183,7.85595942871511,0.6996304355030422,0.845538648178659,0.0,92.51342357128489
14054837534172656128,NaOH-activated SCW biochars,IBU,59.62634316,75.63608711644639,16.009743956446393,10.050441813865135,1,7.516588750044262,1.6546535574354913,48.28146577761286,5.247519776446396,0.7820445360610413,1.2776209423480758,0.0,75.63608711644639
7072553200284629348,NaOH-activated SCW biochars,IBU,70.38856734,74.34943891879942,3.960871578799427,7.7645925308257375,3,8.43337685360169,1.3652556555777136,47.93128996031618,0.6966355087994174,0.770138318472881,1.2090923897415653,0.0,74.34943891879942
11504996026361433749,NaOH-activated SCW biochars,IBU,82.90389308,77.16338991522836,5.7405031647716385,36.97644026113242,5,33.9861563951968,1.3652556555777136,76.8598782670475,10.992858275228372,0.7445404752055669,1.0697032348509856,0.0,77.16338991522836
8271192641393380643,NaOH-activated SCW biochars,IBU,66.17053164,86.69024012189118,20.519708481891186,30.936127501837525,4,29.549835811086172,1.6546535574354906,74.31918933804076,3.786347041891176,0.7136870721412911,0.9133592259349356,0.0,86.69024012189118
11475152202198812938,NaOH-activated SCW biochars,NPX,196.7817474,183.20682840471264,13.574918995287362,14.86040435232244,4,5.775540565047625,2.501516338443418,50.151037803522804,64.28938490471263,0.7336925635010301,1.013438672357611,0.0,183.20682840471264
4955113764694054183,NaOH-activated SCW biochars,NPX,184.8805772,185.27968720860474,0.3991100086047368,7.856077204108504,2,8.664475285472978,1.4237062446203617,51.50794823281023,5.449346791395271,0.6734250672715005,0.7237173055879095,0.0,185.27968720860474
16194911679066073778,NaOH-activated SCW biochars,NPX,174.6705689,183.59139659917426,8.920827699174254,17.042695872186258,3,9.252616067055929,2.4533817900018855,57.81115029840591,118.39715180917426,0.6788140049351064,0.7483267858422894,0.0,183.59139659917426
12027180648520418897,NaOH-activated SCW biochars,NPX,171.3788888,185.17055418807715,13.79166538807715,16.62269689871842,1,3.786069830070604,3.4623309967475167,71.44433365765589,133.24353143807716,0.6778185670069142,0.7437648084815983,0.0,185.17055418807715
14578678662863299839,NaOH-activated SCW biochars,DCF,118.9174435,87.95034915675087,30.96709434324913,14.065950482837641,3,3.765471087494489,2.3450540456835443,32.999415712984884,108.83139824324913,0.7230298908438649,0.9595409729223389,0.0,87.95034915675087
13244999927062172935,NaOH-activated SCW biochars,DCF,87.55866613,92.88972787868975,5.3310617486897485,15.02135221460928,4,7.525577957478256,2.3204281889743084,28.96834482543675,81.78084102131025,0.6635645459499461,0.6792198149662926,0.0,92.88972787868975
9608873068191408344,NaOH-activated SCW biochars,DCF,80.01233269,87.91489477733087,7.902562087330878,16.186276114337712,3,3.852454518272171,3.457320309031137,59.33356571025849,35.98787202733087,0.6595427664963255,0.6612572983098214,0.0,87.91489477733087
11060130621897919519,NaOH-activated SCW biochars,IBU,110.1641806,69.25667168626416,40.90750891373584,13.548113938306155,5,4.209331731595356,2.4484804774395,52.371152345597395,49.66077181373585,0.7494845186993009,1.095864941609846,0.0,69.25667168626416
1679362861371580711,NaOH-activated SCW biochars,IBU,65.19424479,74.23341470587164,9.03916991587164,16.29536544427805,3,8.538990877325011,2.4105828559071805,52.76454513417776,100.43715419412837,0.761989614599707,1.1636186176043952,0.0,74.23341470587164
14718507175210602104,NaOH-activated SCW biochars,IBU,51.92702275,75.83952552284264,23.912502772842636,11.64131103636898,1,7.417512984859119,3.463316634652641,58.51389841383859,4.172807167157359,0.7825153757834286,1.2803854170120352,0.0,75.83952552284264
11951203962836210888,NaOH-activated SCW biochars,NPX,190.729034,183.59588456982428,7.1331494301757346,9.295200543797181,3,9.207233372031874,1.3903769701534383,52.952083387983286,8.216730430175716,0.7110940461098046,0.9007034779784178,0.0,183.59588456982428
12677758060632403951,NaOH-activated SCW biochars,NPX,191.812615,191.11512713683547,0.6974878631645254,5.854379339996767,5,4.951311680306007,1.4430964126338575,50.30326506484481,0.38609313683545565,0.6942855253938535,0.8202317189417572,0.0,191.11512713683547
14471689904737011072,NaOH-activated SCW biochars,NPX,192.0140311,189.0966087219298,2.9174223780701993,6.229927342117979,4,5.646079137201854,1.4694963314082088,50.15853115010674,2.716006278070182,0.7089598780492609,0.8903378016507643,0.0,189.0966087219298
8851402207740138500,NaOH-activated SCW biochars,NPX,193.8653434,189.0966087219298,4.768734678070189,8.892552120641204,4,5.646079137201854,1.5601316466215818,47.00916802677743,3.78478637807018,0.7143786440769999,0.9167461322956036,0.0,189.0966087219298
15491832941608328458,NaOH-activated SCW biochars,NPX,192.8813951,191.28395906533186,1.597436034668135,10.259112529229991,2,5.300885724299541,1.8200363761619927,47.15963798081834,2.5813843346681438,0.7670598585283426,1.1917833237267286,0.0,191.28395906533186
18394898568978983294,NaOH-activated SCW biochars,DCF,84.7324625,93.78200510130083,9.049542601300828,4.9973458014589855,4,5.453945313775395,0.9239947786192225,32.54329144134587,1.256392021300826,0.645297450044408,0.5984318225499228,1.0,93.78200510130083
6092783274922072069,NaOH-activated SCW biochars,DCF,93.32551195,91.97009842014573,1.3554135298542747,3.9922480299677217,2,5.054788764585533,0.9490095023143772,4.819296895754087,4.743535180145727,0.570957574447724,0.28575909835421015,1.0,91.97009842014573
16940609377718848897,NaOH-activated SCW biochars,DCF,97.76236724,92.05446212021886,5.707905119781145,6.244583926333561,2,4.427993203868085,1.1094568907195383,31.716436327054172,1.3909704697811378,0.5324509441583634,0.12998649418835984,1.0,92.05446212021886
16669601217074663099,NaOH-activated SCW biochars,DCF,91.17129647,97.1372043234388,5.965907853438793,6.0798106811697235,4,3.4288934108362965,1.1123143470727022,31.11180265068967,0.8209699334387892,0.464592683302523,-0.14186672501344172,1.0,97.1372043234388
1754411915273910336,NaOH-activated SCW biochars,DCF,102.8983275,92.06682970842932,10.83149779157067,5.335563277458317,3,3.316691675449535,1.1208027240101572,31.697656698824208,1.1059635384293216,0.4813861198419726,-0.07448994538335217,1.0,92.06682970842932
10391467034744232490,NaOH-activated SCW biochars,DCF,89.04089705,97.7691021862506,8.728205136250608,5.06565617090639,1,2.6251752959312133,1.299496427405441,41.2185277625437,1.1402893937493985,0.3636208682861568,-0.5596827505960044,1.0,97.7691021862506
319468021867760320,NaOH-activated SCW biochars,DCF,93.63013996,86.91951546696153,6.710624493038466,3.267004056838612,3,2.80349885876276,0.9614769199256367,5.091054901894514,2.187052966961531,0.21390536772587093,-1.3015434721462653,1.0,86.91951546696153
6123685197643967073,NaOH-activated SCW biochars,DCF,87.22656324,92.19523471422379,4.9686714742237825,2.8696952445715804,2,2.3844605006130517,0.9147336011115555,3.8671129164886193,1.1302772357762194,0.17462268210554757,-1.5532130928687853,1.0,92.19523471422379
7623663256071977511,NaOH-activated SCW biochars,DCF,93.44543259,93.60956937816955,0.16413678816955724,3.59463980787574,3,2.9745182160651473,0.9532752708472076,2.8905918709705674,0.7458994681695543,0.16648770023443246,-1.6107270246233738,1.0,93.60956937816955
16119625099739637523,NaOH-activated SCW biochars,DCF,96.31623439,93.2697589937651,3.0464753962349107,2.8650976026127393,2,4.222582732223285,0.9532752708472092,4.584702626695497,0.35796857376509195,0.11776574533672399,-2.013760173283429,1.0,93.2697589937651
7488030854535663797,NaOH-activated SCW biochars,DCF,90.96086617,97.17004113865124,6.20917496865124,2.441380722217754,2,3.899848600687768,0.9581688779268823,4.115573451393857,0.2747768786512381,0.09884929299566227,-2.21007611270011,1.0,97.17004113865124
11289930013542957136,NaOH-activated SCW biochars,DCF,98.90939158,93.23926558456404,5.670125995435967,7.305000161499157,5,3.025874352331995,1.244766192298271,31.8262201905842,4.19836853456404,0.1050157593407677,-2.1426956820628593,1.0,93.23926558456404
17744247659109149025,NaOH-activated SCW biochars,DCF,85.72026179,92.36461140619187,6.6443496161918745,3.9964533895766574,4,2.9527401085155685,1.2526717355714283,8.77049938258533,1.2655285538081245,0.03910860889883867,-3.201518766842453,1.0,92.36461140619187
5681782559771866676,NaOH-activated SCW biochars,DCF,92.3968578,90.31149139342861,2.0853664065713957,3.6906073457303004,5,3.202374180350234,1.125083816763724,6.901350488709596,3.0849281534286064,0.04092602861835154,-3.154201948608041,1.0,90.31149139342861
3639308252509468722,NaOH-activated SCW biochars,DCF,92.86366991,92.57401581793445,0.2896540920655468,3.5121645889061424,2,2.888779084404329,1.1134789089298227,3.9518378043966322,0.8714167720655439,0.02529417779678053,-3.6515614620129346,1.0,92.57401581793445
13736103110504564049,NaOH-activated SCW biochars,DCF,92.91179042,93.68796577362123,0.7761753536212268,3.37161823433069,2,3.8477496636527633,1.113478908929825,3.8700871424496226,2.628268616378776,0.0251905124204237,-3.655774622177292,1.0,93.68796577362123
5113528091090536490,NaOH-activated SCW biochars,DCF,96.89526426,93.76105718112464,3.134207078875363,3.9443065033575038,3,2.2645612763296468,1.1349879615393657,7.819146595790989,2.800191011124639,0.02064334082668276,-3.859503096589331,1.0,93.76105718112464
17898185555684303476,NaOH-activated SCW biochars,DCF,97.91540844,93.71344514371154,4.201963296288454,5.220519221048789,3,2.635340763693447,1.3609453609728708,9.698991041483369,5.195946436288466,0.01771837703579415,-4.01527570075518,1.0,93.71344514371154
10453681621108206680,NaOH-activated SCW biochars,IBU,65.45124426,74.71653795809381,9.265293698093814,3.5696693624995603,4,5.637749077859072,1.3609453609728708,9.102919052065177,0.5886574380938043,0.008872489041072492,-4.715887824651503,1.0,74.71653795809381
1675133001511950511,NaOH-activated SCW biochars,IBU,74.03291653,71.08049012294333,2.952426407056663,3.1787991000140656,3,3.6478885183111873,1.1349879615393654,7.459969190500013,1.5565546629433271,0.006519704541493883,-5.0263851691462325,1.0,71.08049012294333
3317296554946118451,NaOH-activated SCW biochars,IBU,74.51919699,75.3662315753358,0.8470345853358054,3.2937808408032208,1,3.513496644801679,1.113478908929824,4.125832442212386,3.0863544946641923,0.00651292082843068,-5.027433032983203,1.0,75.3662315753358
18051413766242179725,NaOH-activated SCW biochars,IBU,78.51672079,75.20552479308412,3.3111959969158704,3.2080355299956724,3,2.8147721582414733,1.113478908929825,4.6999070980533615,1.873538396915876,0.0046656755306498324,-5.362846053112869,1.0,75.20552479308412
8103589382965414533,NaOH-activated SCW biochars,IBU,74.02945504,77.47953393432391,3.4500788943239087,4.586598040155774,5,2.1012967281184034,1.125083816763724,6.931387578162228,7.1205347756760915,0.0034859023341381346,-5.655536356626772,1.0,77.47953393432391
4408982043603750659,NaOH-activated SCW biochars,IBU,84.26549728,77.5831196964662,6.682377583533807,4.738339629489578,5,2.1155991784933956,1.3039757047128315,8.74778587275099,2.2605208564662007,0.0033427019903049223,-5.697627518607598,1.0,77.5831196964662
8479093453805449874,NaOH-activated SCW biochars,IBU,74.12788052,73.64745493322833,0.48042558677167335,5.05566954563866,4,5.482859114831102,1.250720926345022,8.14772628027928,5.12167204322833,0.0017663370357529381,-6.337079449188706,1.0,73.64745493322833
10232576217305363613,NaOH-activated SCW biochars,IBU,69.52393546,73.93295092101604,4.40901546101604,2.774881444592908,2,2.690003688398971,0.9581688779268817,4.261235213053301,0.09996560898395046,0.0009806042945502778,-6.92636046384242,1.0,73.93295092101604
14738691508997999825,NaOH-activated SCW biochars,IBU,78.45258607,75.50727718617445,2.945308883825547,2.886622251804131,1,3.942561141140637,0.953275270847206,4.048081752196383,1.3043181438255544,0.0008268816922637828,-7.097021705939598,1.0,75.50727718617445
10597844856666516899,NaOH-activated SCW biochars,IBU,77.07906319,76.23915604752366,0.8399071424763349,3.4229358459097528,3,3.3950423478237584,0.9532752708472078,4.647018869451083,2.2775647424763292,0.0008331707310514471,-7.0894384595425795,1.0,76.23915604752366
17115427758596232426,NaOH-activated SCW biochars,IBU,84.60006871,77.58261214442183,7.017456565578172,2.675100287538822,5,1.9425856919472002,0.958168877926884,3.7154464927129345,3.553157104421828,0.0007626484560624675,-7.177950432537898,1.0,77.58261214442183
2737956070999224279,NaOH-activated SCW biochars,IBU,75.32259884,82.13908258307359,6.81648374307359,4.880304325880633,2,2.507208873154615,1.2646728234548725,8.393876718980223,2.1264146969264175,0.0006527110903942756,-7.3337230367037485,1.0,82.13908258307359
5705504609996045539,NaOH-activated SCW biochars,IBU,68.52578289,73.84237961969419,5.316596729694183,3.7605875179301247,2,3.617602080023221,1.4050572211691468,3.8324170801454827,0.28550090030582,0.00029408702229211694,-8.131340709957996,1.0,73.84237961969419
1735923447435509734,NaOH-activated SCW biochars,IBU,72.42641101,72.00288503888282,0.42352597111717216,3.370787502166628,5,3.119528923940024,1.128276660785141,4.158632339707905,2.478949578882819,0.00022887010485722357,-8.382127046742623,1.0,72.00288503888282
3661460638293703265,NaOH-activated SCW biochars,IBU,76.81159533,75.54773579914007,1.263859530859932,3.49543490450804,3,3.285185316762602,1.1134789089298227,5.470235463053182,2.9048502708599244,0.00013372119047343317,-8.919619863587233,1.0,75.54773579914007
8618839857729206769,NaOH-activated SCW biochars,IBU,74.36009827,78.27929480667939,3.9191965366793937,2.8972262316649458,4,3.2175067827789476,1.1134789089298252,4.0472428619507985,1.200231616679389,0.0001386111064882992,-8.883699720311872,1.0,78.27929480667939
4490330750661756965,NaOH-activated SCW biochars,IBU,84.17656172,78.03637700046112,6.14018471953888,3.8984904490242043,1,3.41354173959148,1.1464261923438344,3.7901249971309467,6.563691709538887,0.00012132423654241613,-9.016922623760893,1.0,78.03637700046112
11002985088669920640,NaOH-activated SCW biochars,IBU,81.10042847,78.26880794068903,2.8316205293109675,5.600499120235392,1,3.425844792841529,1.5057894889102832,4.13769203534432,2.946209100689032,8.394436149239511e-05,-9.385272393881124,1.0,78.26880794068903
8103127225620985295,NaOH-activated SCW biochars,NPX,180.7634297,187.0254732075696,6.262043507569615,16.653128856916364,5,6.038734252780239,2.164444916522229,57.10272928460972,125.1041280275696,0.6842015834273382,0.7731484990268517,0.0,187.0254732075696
5362075308266986343,NaOH-activated SCW biochars,NPX,187.8359454,183.59139659917426,4.244548800825754,15.931384993420684,3,9.252616067055929,2.164444916522229,52.314625221091624,98.41787501917426,0.6621299571949278,0.6728005138269755,0.0,183.59139659917426
2595660021893871690,NaOH-activated SCW biochars,DCF,76.76053759,97.08051689659015,20.319979306590156,11.785515035042653,2,9.071906995189003,1.9785059237852933,30.802975149073006,35.15917171659015,0.7241753785231207,0.9652683642658915,0.0,97.08051689659015
5600556245362649938,NaOH-activated SCW biochars,DCF,109.9616436,87.95034915675087,22.011294443249128,6.8195636612706,3,3.765471087494489,1.9785059237852933,30.719497371244827,2.7768275767508754,0.6911632148108106,0.8055630626825606,0.0,87.95034915675087
6471829483205013290,NaOH-activated SCW biochars,IBU,61.92134518,80.59032645074002,18.66898127074002,9.730190910115663,4,7.430080503079431,2.1018368447133238,51.347847691068075,3.829788860740024,0.74212853539136,1.0570611948674864,0.0,80.59032645074002
12126843758684408434,NaOH-activated SCW biochars,IBU,85.17352158,76.4006979866543,8.772823593345706,14.634926975397036,1,8.005092695594627,2.1018368447133238,50.959332684338214,33.56094561334571,0.7887852410619292,1.3176186617660108,0.0,76.4006979866543
11571363323994422393,CB,IBU,0.0,5.382320254919543,5.382320254919543,1.230294341243967,2,1.9144288869501858,1.411100264256535,1.7191710222374,1.651863537080457,0.0074509661174048305,-4.891932711584413,1.0,5.382320254919543
13730983664455822737,CB,IBU,7.034183792,4.9011931721113,2.1329906198887008,3.6975789176395644,3,2.7090331598012534,1.356172176224299,2.9334212595315616,2.7896236358887005,0.007053036507855029,-4.9472190178091155,1.0,4.9011931721113
10330321954825366842,CB,IBU,7.690816808,6.579968221069229,1.1108485869307714,2.21406401571307,2,1.9046245875700156,1.3134550016547568,2.918064211457986,0.4542155709307716,0.007592282814397909,-4.873001715825957,1.0,6.579968221069229
2261804137356399296,CB,IBU,7.723951871,7.257521956334134,0.4664299146658655,0.6459117915490676,2,1.4460562540319843,1.2524434498859829,2.916808305557756,0.4332948516658659,0.007201212773503241,-4.926278559719057,1.0,7.257521956334134
14862933898312971491,CB,IBU,7.595198258,7.553205587904199,0.041992670095800655,0.46304775907230955,2,1.0998704224813114,1.1792726751375133,2.9214278609300095,0.17074628309580042,0.008553151918448684,-4.7528654784917785,1.0,7.553205587904199
13062667292130770460,CB,IBU,7.774747224,7.708454603854394,0.06629262014560666,0.10824095459389953,1,0.2800700951575398,1.1306796548202507,2.9147925958804963,0.00795601814560598,0.010074325820369857,-4.587639674222572,1.0,7.708454603854394
11360708515793870783,CB,IBU,7.716410622,7.826168600546627,0.10975797854662694,0.12627523580273836,2,0.36794463576823777,1.1799318046010703,2.917098229634121,0.05142137654662626,0.010338873419603965,-4.561451678620649,1.0,7.826168600546627
17934866632876365395,CB,IBU,7.799828681,7.727392404092917,0.07243627690708276,0.12283937589677957,5,0.38660057005084536,1.150344701446279,3.6405420984329853,0.010981782092917669,0.010610293469713393,-4.535263683018727,1.0,7.727392404092917
948275424414011875,CB,IBU,7.688137114,7.826973737303592,0.13883662330359225,0.5328277135050712,5,0.6381978102065764,1.1359426937677455,3.9141110616462464,4.482799036303592,0.009419986820666937,-4.6554569539636645,1.0,7.826973737303592
7336096169869531707,MCB,IBU,0.0,5.400922735673431,5.400922735673431,2.1652406609525574,5,2.2616811799078995,1.2146891858794175,15.33839229801834,1.897324844326569,0.0009344873648402542,-6.974577527659889,1.0,5.400922735673431
13040442634479143091,MCB,IBU,7.29824758,5.400922735673431,1.897324844326569,3.5906321310353015,5,2.2616811799078995,1.177813435483472,15.852978652543316,5.400922735673431,0.0007549838776817711,-7.188058893985592,1.0,5.400922735673431
18180536059381189200,MCB,IBU,8.016067183,6.3486753750803455,1.667391807919655,1.755148383848412,5,2.170873875678064,1.1536384336391559,15.880564144558948,0.9495722049196544,0.0009390455337860771,-6.9697071014334835,1.0,6.3486753750803455
258951804533649290,MCB,IBU,7.965712136,7.740293409307202,0.22541872669279783,0.49239473896295677,4,0.9695542982343037,1.1298716782312792,20.037644696092883,0.27577377369279876,0.0007709479617315011,-7.167118435895533,1.0,7.740293409307202
487517800222060385,MCB,IBU,8.097699999,7.811801570596828,0.28589842840317203,3.814566200609176,3,0.6512968702686459,1.1330422913172886,23.502147937079897,0.15391056540317205,0.0009524945775676385,-6.955473195333214,1.0,7.811801570596828
15849705038690546430,MCB,IBU,8.028940142,7.925416018921544,0.10352412307845604,0.2257700832000005,3,0.16777693082243406,1.1304564289822518,2.5030489548727703,0.1722839800784559,0.0007904553213535473,-7.142110654492997,1.0,7.925416018921544
15135560973983903317,MCB,IBU,7.990681514,7.986694348156132,0.003987165843867935,0.15201780661067119,1,0.11721370483199395,1.1792970307744657,2.504651290190119,0.06306828684386812,0.0008863469239994357,-7.027515381961808,1.0,7.986694348156132
11819767102380978801,MCB,IBU,8.049762635,7.972305542978973,0.07745709202102713,0.1251321191190424,1,0.15618558311501687,0.9385700570092486,1.9783656586267064,0.01837597102102695,0.001010145030777502,-6.896650708037399,1.0,7.972305542978973
13057034301103641185,MCB,IBU,8.021743133,7.74535133007874,0.27639180292125953,0.3177693513621939,1,0.3380279975536984,0.09890101424524742,2.8748962654126586,0.2556580389212604,0.0010478235347567621,-6.859991717241339,1.0,7.74535133007874
3044970565392297777,AMCB,IBU,0.0,48.47473668100658,48.47473668100658,27.821132354925222,2,16.88297577440336,1.2146891858794144,25.27807640762051,14.173342911006586,0.0010348210447115157,-6.87249141403306,1.0,48.47473668100658
671441796495690393,AMCB,IBU,34.30139377,52.740568462695926,18.43917469269593,12.002523197465429,2,9.654004244171473,1.1778134354834675,28.244717370828145,52.740568462695926,0.0007757524785489147,-7.16090100607502,1.0,52.740568462695926
5353729134214559074,AMCB,IBU,49.35800117,33.440002446841376,15.917998723158625,20.551021212869507,4,16.457987210020157,1.153638433639146,27.868094781441254,0.861391323158621,0.0008517778116825172,-7.067332708774787,1.0,33.440002446841376
6475163611164689832,AMCB,IBU,55.87545732,40.64229189208264,15.233165427917363,21.62875237216834,5,15.582957641235248,1.129871678231272,26.386823223576236,8.715709277917362,0.0011157466111733846,-6.797115122203081,1.0,40.64229189208264
1327007414464515819,AMCB,IBU,59.45369978,49.1083974234002,10.345302356599802,21.15630457991726,3,12.96425193839304,1.1330422913172864,25.947020106000807,6.767059896599804,0.001062249730422963,-6.8463034184311375,1.0,49.1083974234002
9622706826193284964,AMCB,IBU,60.82747993,55.46712090528924,5.36035902471076,6.035566627954426,3,10.052416259880463,1.1306691496497714,20.030116646907256,5.449100784710758,0.0009562710528806345,-6.9515124284098135,1.0,55.46712090528924
7893682637923985895,AMCB,IBU,60.91622169,58.44815792483962,2.4680637651603803,3.4634974336689095,1,5.455201683918313,1.179715029522961,20.024171771009602,2.470249285160378,0.0011713680794362285,-6.748410859939025,1.0,58.44815792483962
14576096014050611579,AMCB,IBU,60.91840721,59.895314236460166,1.023092973539832,3.301737353677569,5,4.991910698599835,0.9408024743214558,10.797645090444593,1.0209074535398344,0.001049985772118817,-6.8579281278742,1.0,59.895314236460166
11077069684822949355,AMCB,IBU,60.91919976,61.12734038971012,0.20814062971012248,3.950699567703606,2,3.087691021440884,0.1011395418272421,12.626801757633286,5.742174670289877,0.0012106778716268266,-6.715363440421527,1.0,61.12734038971012
16938332226108115672,CB,IBU,-0.068613039,0.3292039536254314,0.3978169926254314,0.46563260121034916,5,0.34210914959642735,1.398056694653258,4.534536640583596,2.6144276103745687,0.008614166886162017,-4.745695635432985,1.0,0.3292039536254314
6965201756653657737,CB,IBU,2.943631564,3.3295667360092973,0.3859351720092974,0.41086380555687424,1,0.26353036338196784,1.340175686884747,4.965562903842802,3.247952379990703,0.008656248183548149,-4.740779954318013,1.0,3.3295667360092973
6533244449914575515,CB,IBU,6.577519116,7.264148026340619,0.6866289103406187,0.4545185859528058,1,0.3238970783199725,1.3204707769009305,5.161863296161195,4.320516462340619,0.008698533249690775,-4.735864273203042,1.0,7.264148026340619
7175254655374090038,CB,IBU,10.23804279,10.711568036695141,0.4735252466951412,0.5612318385976311,3,0.4879814640425621,1.3390090342755425,5.038245952752789,4.1340489206951405,0.0147898992412378,-4.198910454617622,1.0,10.711568036695141
16983837190254317110,CB,IBU,13.59765442,14.416524425650804,0.8188700056508047,0.6476757447561058,3,0.44259815719196566,1.4266969483547185,4.619963444263032,4.1784816356508045,0.010748630725610558,-4.522170092319561,1.0,14.416524425650804
17977216868133035984,CB,IBU,0.387998125,0.5692553059382519,0.18125718093825188,0.4308711665454137,5,0.3755009011494562,1.2088655486680977,4.437084600238965,2.7749193950617483,0.010606752074302705,-4.535601087888288,1.0,0.5692553059382519
444607345130435793,CB,IBU,3.344174701,3.808365726364884,0.464191025364884,0.3860814779006165,4,0.2955715585009973,1.1542054593857336,3.868747783297308,3.420367601364884,0.009540875942798784,-4.6425832981497415,1.0,3.808365726364884
16066104544994962222,CB,IBU,10.46171408,10.849298272648564,0.38758419264856414,0.5799267450439894,5,0.4637182787025212,1.1542054593857327,3.8420403670041385,3.1611611586485644,0.011527219049902511,-4.451449993881268,1.0,10.849298272648564
18191028603544593454,CB,IBU,14.01472397,15.369703561957161,1.3549795919571608,1.0568287332075432,4,1.1884733423430716,1.2388176924282948,4.437926525273415,4.907989481957161,0.010228014893803178,-4.572344084919499,1.0,15.369703561957161
14017646238512971536,CB,IBU,0.68981539,0.7262900548704857,0.036474664870485674,0.502509660261077,4,0.2292518177946814,1.398056694653258,4.806748406861752,2.9527787621295145,0.009355364170623645,-4.662405991645496,1.0,0.7262900548704857
8308049933844639761,CB,IBU,3.679068817,3.691021484673598,0.011952667673597706,0.5445515593252092,5,0.33495534827246387,1.340175686884747,5.198519319967691,4.4465090063264014,0.01225284575929752,-4.389668531342062,1.0,3.691021484673598
17384553156265223587,CB,IBU,8.137530491,8.066458183469416,0.07107230753058325,0.5421161315493671,2,0.6502582858489868,1.3204707769009305,5.367727595674188,4.387389366469416,0.009870065867119603,-4.608329654225269,1.0,8.066458183469416
11739223762681930990,CB,IBU,11.28088087,11.588378770390266,0.30749790039026514,0.6224232510711385,3,0.6363411775592417,1.3390090342755425,5.210806195377153,3.450848279390266,0.011784687063388498,-4.429099619849613,1.0,11.588378770390266
7507108714903484910,CB,IBU,15.55296182,15.126427707861422,0.4265341121385777,0.7570063205592327,3,0.704080715912431,1.4266969483547185,4.585248608914982,3.8455468378614217,0.009732367294748226,-4.6225180775194366,1.0,15.126427707861422
3825282184374800422,MCB,IBU,0.194920312,0.21741508692910574,0.022494774929105732,0.10117385017593211,2,0.187445174441762,0.23714494297422548,3.6927261189285177,0.02219837292910573,0.0010492752710391407,-6.8586057450350975,1.0,0.21741508692910574
11271187065598021193,MCB,IBU,3.187209857,3.5009952943443556,0.3137854373443556,0.3420743130095056,2,0.4245776503100111,0.15924017511405605,3.9793168062882627,0.3466780403443557,0.0010128106276681606,-6.894012689409254,1.0,3.5009952943443556
14654360985139486414,MCB,IBU,7.016242024,7.338164594315442,0.3219225703154418,0.34837280667358156,2,0.5894646658358088,0.15921361278939142,4.12990076855499,0.3134791203154421,0.0009255027460065937,-6.984247527615054,1.0,7.338164594315442
5553631421604866212,MCB,IBU,10.13072927,10.698816416618474,0.568087146618474,0.49680969907603095,3,0.37310598912853515,0.18251627643443807,4.2569696809087985,0.3864728766184733,0.0009893969769582559,-6.917425027851399,1.0,10.698816416618474
15824271465264248278,MCB,IBU,14.07544631,14.212148181906054,0.13670187190605354,0.29372631223610424,1,0.3290746882949305,0.29923076506403506,3.9148198987160225,0.03488381190605416,0.0009374616269465394,-6.971396830895524,1.0,14.212148181906054
16002497293951558241,MCB,IBU,0.195216714,0.24507893963930896,0.04986222563930895,0.10057472944888839,1,0.3152526924355468,0.23587257127738642,3.692770284819282,0.05015862763930895,0.0009902983975989326,-6.916513459467907,1.0,0.24507893963930896
3411004748564776420,MCB,IBU,3.154317254,3.5110552100924055,0.35673795609240555,0.33188608871727593,2,0.4546180459645285,0.15799786254778247,3.9777745197361685,0.3012947750924053,0.0009220024762739119,-6.988040220865826,1.0,3.5110552100924055
16231848065565885249,MCB,IBU,7.024685474,7.252374048587206,0.22768857458720593,0.2830059283781897,3,0.577659903987572,0.15799786254780052,4.12923938106027,0.2361320245872056,0.0010095172384327418,-6.897273017004259,1.0,7.252374048587206
16777781592095503373,MCB,IBU,10.31234354,10.868538053307077,0.5561945133070765,0.47941673304746163,1,0.437130417842825,0.18134647262234255,4.248182281430407,0.2746040466929234,0.0009316257081447746,-6.977647364703783,1.0,10.868538053307077
9594760728869441334,MCB,IBU,14.17726437,14.154876584959856,0.02238778504014327,0.4010106137865123,4,0.4744734392718108,0.29816550503363237,3.8955981172851244,0.18295465495985574,0.001101322944049036,-6.810141215559729,1.0,14.154876584959856
15042433285936276678,MCB,IBU,0.197203408,0.2564121176971575,0.0592087096971575,0.10863004103920076,4,0.2579941738819297,0.2369595449675296,3.855186969559728,0.06119540369715748,0.0010504196266133017,-6.857514578551683,1.0,0.2564121176971575
13619735865802207714,MCB,IBU,3.209760435,3.3151936851019643,0.10543325010196414,0.22438549736037702,3,0.4092198001608236,0.15921361278936239,4.139411562829328,0.16087643110196437,0.0014007533843895489,-6.569343320038527,1.0,3.3151936851019643
7347658609669238027,MCB,IBU,7.045113173,7.310979101054245,0.2658659280542448,0.3631404326766898,4,0.6284528560468082,0.15924017511406766,4.128427543426907,0.28629362705424466,0.0010100676079220971,-6.8967274337625515,1.0,7.310979101054245
15135330900954528476,MCB,IBU,11.1431421,10.569389686526897,0.5737524134731036,0.44021933208568603,2,0.42208658248133085,0.18256905908950846,4.2116407724121805,0.2570461465268963,0.0010643163643824346,-6.844357714160822,1.0,10.569389686526897
1288203274122541784,MCB,IBU,13.97192193,14.291213968911961,0.3192920389119607,0.33078037654589276,5,0.3334653706752246,0.2993702669581636,3.926841709725934,0.11394959891196166,0.0012011619635500998,-6.7232640037958875,1.0,14.291213968911961
5173616787622213918,MCB,IBU,0.515747353,0.5692553059382519,0.053507952938251946,0.11627157095479725,5,0.3755009011494562,0.20595589225570277,3.0539785591665134,0.06195941293825191,0.0011298433114590978,-6.784545836232401,1.0,0.5692553059382519
13665796460083973393,MCB,IBU,3.901626606,3.7608041511053862,0.14082245489461398,0.19390258833442414,3,0.3411677466030226,0.12804891745317318,3.383743877279096,0.15231003189461356,0.0011357230565755426,-6.779349408151379,1.0,3.7608041511053862
18090062481490488342,MCB,IBU,8.001009369,7.938752945188286,0.06225642381171426,0.3931355931181217,3,0.561814490596505,0.09749007959865404,2.8752614119173665,0.7385862381882857,0.0010504087430213535,-6.8575249506852725,1.0,7.938752945188286
536823301962413804,MCB,IBU,10.33676866,10.82818916143126,0.4914205014312589,0.4527194079634913,4,0.518688647952045,0.1513568932228187,3.1062497424083237,0.34202164856874084,0.0010647803350661642,-6.843921411632354,1.0,10.82818916143126
9799808736612183566,MCB,IBU,14.82828315,15.31392232646262,0.48563917646261956,0.7372980893672533,4,1.1104433923857522,0.2680721633260624,2.7153337230271535,0.9679491864626204,0.0011120000854400413,-6.800482387502917,1.0,15.31392232646262
1556186754524544729,MCB,IBU,0.507295893,0.5661650398019187,0.05886914680191868,0.10394816377251226,5,0.35146664905155095,0.20472337614851405,3.0525366174913624,0.050417686801918715,0.0009831436130199312,-6.923771724609285,1.0,0.5661650398019187
13321375814559557804,MCB,IBU,3.913114183,3.8999119768135055,0.013202206186494259,0.11234113996381136,4,0.3115197987525506,0.12688624784879593,3.3841033197727226,0.004085235813505506,0.0011373166156214947,-6.777945673321129,1.0,3.8999119768135055
4897001784181599097,MCB,IBU,7.936658108,7.852860921112299,0.08379718688770055,0.3936912210155686,5,0.548662941547245,0.09790234941688401,2.8762780900450293,0.6526942141122989,0.0010721612127902913,-6.837006106185876,1.0,7.852860921112299
9909382999312167477,MCB,IBU,11.17021081,10.977512217585044,0.19269859241495624,0.403691509225027,1,0.41643235858101624,0.1502931427482739,3.0982464401077308,0.16386749241495657,0.0011491845644132634,-6.7675528171590855,1.0,10.977512217585044
7883242795825421102,MCB,IBU,14.34597314,14.955889876649207,0.6099167366492075,0.4714137156429001,2,0.8026683218529693,0.26706003324267313,2.8024545587982455,0.38040551664920663,0.0010344607275092857,-6.872840028122969,1.0,14.955889876649207
13123095831943736062,MCB,IBU,0.567641722,0.4967061954325512,0.07093552656744878,0.09052995751482808,3,0.1659285109282686,0.2058900029222032,3.062755125485733,0.01058969756744882,0.0011033093520008436,-6.808337195398341,1.0,0.4967061954325512
7898402698807786650,MCB,IBU,3.895826741,3.802966410337231,0.09286033066276911,0.2012395938389274,2,0.34861245451425543,0.1282870749320033,3.38356057601006,0.11014777266276887,0.0011389124080772035,-6.77654193849088,1.0,3.802966410337231
6287178923231251155,MCB,IBU,8.049611273,7.535605738831538,0.5140055341684624,0.3230570867632508,1,0.3278610126488447,0.10115312473312585,2.8743766046698918,0.401052369168462,0.0010870241728524112,-6.823223817543507,1.0,7.535605738831538
5082441950943365012,MCB,IBU,11.14137971,10.930004482310096,0.21137522768990458,0.4634831340523532,3,0.393742743934881,0.1517264841340636,3.0989811307968473,0.24020632768990424,0.0010659415826549767,-6.8428302451489404,1.0,10.930004482310096
179340578251984848,MCB,IBU,14.57548436,15.250088135608756,0.6746037756087553,0.6325811832478414,4,1.0610478459426538,0.26834817023493707,2.7626239349553043,0.9041149956087562,0.0010350246816225634,-6.872294444881263,1.0,15.250088135608756
10138799616507209566,MCB,IBU,0.868089129,0.6978752988789282,0.17021383012107183,0.10639570151136846,5,0.27163726944282396,0.23714494297422548,4.099516835765838,0.05909515312107183,0.0009346983308895149,-6.974351586061424,1.0,0.6978752988789282
18084832500324239825,MCB,IBU,4.195801507,3.7122260264199065,0.48357548058009314,0.3362101353366291,5,0.3260821027966791,0.15924017511405605,4.421883088174668,0.5216030455800933,0.0011916727060358673,-6.73120494020244,1.0,3.7122260264199065
17981781917041824214,MCB,IBU,8.451412115,8.198148810462117,0.25326330453788337,0.5212800101531323,2,0.5103533576380789,0.15921361278939142,4.4362109285473625,0.5664079285378829,0.0014081653525164785,-6.564058432525661,1.0,8.198148810462117
16010746774916559788,MCB,IBU,11.9138672,11.336274021596493,0.5775931784035073,0.49437009261624015,4,0.5987902893508797,0.18251627643443807,4.635210271077254,0.6053748584035077,0.0008205876591693584,-7.104668892333224,1.0,11.336274021596493
7173516202336137934,MCB,IBU,16.02200584,15.77450275944645,0.24750308055354786,0.4702052975763813,1,0.632961991321833,0.29923076506403506,4.278516874841434,0.3662240705535478,0.0014263520528661486,-6.551207735806131,1.0,15.77450275944645
3610423474978396313,MCB,IBU,0.756970452,0.6383858356479553,0.11858461635204476,0.2586920036602815,1,0.31387057476959285,0.23587257127738642,4.082598064786476,0.22970329335204476,0.0013955814924722578,-6.573047553857455,1.0,0.6383858356479553
6656132308774143980,MCB,IBU,4.233829072,3.8137724273458855,0.4200566446541143,0.3457061229119381,5,0.3075217546066767,0.15799786254778247,4.423663447824034,0.4599026756541149,0.0010361517739764933,-6.871204956947287,1.0,3.8137724273458855
17556645753999555257,MCB,IBU,8.764556739,8.231449602815546,0.5331071361844533,0.4505087746059613,3,0.42410682779336517,0.15799786254780052,4.4063501083078815,0.3958009491844532,0.001410140641923507,-6.562654697695411,1.0,8.231449602815546
10025690242954060533,MCB,IBU,11.94164888,11.24215746219773,0.6994914178022711,0.4922471691732156,5,0.3793029829660198,0.18134647262234255,4.622314171263387,0.647693177802271,0.0010863154769683886,-6.823876699264417,1.0,11.24215746219773
9827919334788379886,MCB,IBU,16.14072683,14.85239344099029,1.2883333890097077,0.754780078988358,3,0.6882895978383982,0.29816550503363237,4.2482958000756685,1.786496899009709,0.0011253931150929657,-6.7884968418805425,1.0,14.85239344099029
3423130241474166334,MCB,IBU,0.971597486,0.6345390960029551,0.33705838999704485,0.15208319367614984,1,0.2821096590919315,0.2369595449675296,4.111315848891824,0.12243135599704491,0.0010131212551514573,-6.8937057270059405,1.0,0.6345390960029551
14460798447028215898,MCB,IBU,4.273675103,3.9762139863359245,0.29746111666407593,0.32893304327678047,3,0.28458814364898494,0.15921361278936239,4.421968183688304,0.2576150856640753,0.001404810039336771,-6.566447390946183,1.0,3.9762139863359245
6158590622828355347,MCB,IBU,8.627250552,8.259026110661301,0.3682244413386986,0.46544310142927137,5,0.477680685195232,0.15924017511406766,4.41314297951905,0.5055306283386987,0.0010621711563432016,-6.8463774693230715,1.0,8.259026110661301
10689374279468405844,MCB,IBU,11.88985064,11.284322747529059,0.605527892470942,0.49935608152423266,5,0.36516381699127576,0.18256905908950846,4.623829929202758,0.6573261324709421,0.001419465327070261,-6.55605453478414,1.0,11.284322747529059
15231598384945008400,MCB,IBU,16.63889034,14.852586768135843,1.7863035718641562,0.547301426105641,3,0.6880949936532528,0.2993702669581636,4.1675423776131275,1.288140061864155,0.0011267016369317932,-6.787333483097761,1.0,14.852586768135843
15628168925692332384,AMCB,IBU,17.30782141,18.529340473556264,1.221519063556265,1.018067506834069,4,3.3407765767901267,0.23714494297410557,17.768420936256724,0.4204568235562647,0.0012217090940116106,-6.706282047857551,1.0,18.529340473556264
2206398365798600355,AMCB,IBU,39.15753762,41.68641723441727,2.5288796144172707,2.4786335946208853,3,5.167380237618286,0.15924017511393485,19.80794397453105,2.4076672544172695,0.0011474760007884122,-6.769042395738456,1.0,41.68641723441727
3186179037262043716,AMCB,IBU,53.48944369,59.68902459736554,6.199580907365537,3.509509223515463,2,3.9830909284468343,0.15921361278926055,19.038512750480166,6.06385286736554,0.0011618229178867927,-6.756602528053701,1.0,59.68902459736554
18167099725254788514,AMCB,IBU,67.96173211,69.61170767352696,1.649975563526965,2.2953578667968415,1,2.985467575239297,0.18251627643432705,19.152683605696804,1.7586909835269608,0.0013499955385747131,-6.6063030836932315,1.0,69.61170767352696
929370640592197456,AMCB,IBU,87.79267887,87.19833591629728,0.5943429537027214,2.3785901748093727,5,7.972567470080522,0.2992307650639705,17.33784084138477,0.8200249837027229,0.0010284456720446608,-6.878677697894949,1.0,87.19833591629728
16750171663552134215,AMCB,IBU,18.10888365,17.681931272716923,0.4269523772830759,0.6373124812774824,2,0.3643682100080076,0.23587257127723044,17.904952696666346,0.37410986271692437,0.001603145640436998,-6.434183122508166,1.0,17.681931272716923
2595060637020033654,AMCB,IBU,39.27874998,41.617693480311836,2.338943500311835,2.4453195617145838,3,4.760660959365314,0.15799786254761602,19.81045938067819,2.4601558603118363,0.0011481014963174458,-6.768496812496749,1.0,41.617693480311836
576957810032157515,AMCB,IBU,53.62517173,56.968119436714446,3.3429477067144475,3.0161036757555384,5,3.7937463304227617,0.1579978625476369,19.021993866867327,3.393151776714447,0.0011258356602154957,-6.788103240102183,1.0,56.968119436714446
10172007293263539523,AMCB,IBU,67.85301669,70.46907975539936,2.6160630653993593,2.2567145343070556,2,3.7341297130645885,0.18134647262225584,18.9437263088533,2.5073476453993635,0.0011040011618497557,-6.807709667707616,1.0,70.46907975539936
17475736414276499376,AMCB,IBU,88.0183609,89.16121390065946,1.142853000659457,1.9623950119556146,4,4.536658278539542,0.2981655050335482,17.08542932870853,1.1694891206594633,0.0015082492224893322,-6.495296368373396,1.0,89.16121390065946
11879926100308664576,AMCB,IBU,17.37202847,18.242013684475918,0.8699852144759177,1.1034633871069812,5,2.479429954828312,0.2369595449674108,17.732476186963616,0.13313003447591854,0.0011107548603988058,-6.801604068171009,1.0,18.242013684475918
8439597342387524008,AMCB,IBU,40.66758525,41.09911896526342,0.43153371526342,2.1829538675018556,4,3.417325280278418,0.1592136127892772,19.78625914630864,1.8203689852634213,0.0011487273324154385,-6.767951229255042,1.0,41.09911896526342
16479565402347312129,AMCB,IBU,53.57496766,54.11943619872195,0.5444685387219508,1.6419978558818482,4,3.2915928835006967,0.15924017511394245,19.02407235787358,0.4942644687219513,0.0010181789172962648,-6.888720924953979,1.0,54.11943619872195
1177173978187697386,AMCB,IBU,67.63037879,72.28179020858758,4.6514114185875854,3.0333654245351327,3,5.400445248456375,0.18256905908943583,18.94859319815396,4.428773518587576,0.0015418295462755263,-6.47324253123979,1.0,72.28179020858758
9793559269653105742,AMCB,IBU,87.99172478,88.97982649500486,0.9881017150048592,1.9144025044083575,5,4.783855965882268,0.29937026695809904,17.089935474919223,0.961465595004853,0.001072565940842013,-6.836628284198232,1.0,88.97982649500486
2323689733775044776,AMCB,IBU,17.56795014,18.595119518701704,1.0271693787017036,0.9025939167753626,1,1.9824283845294752,0.20607987743796025,16.988241311008387,0.2535042887017056,0.0012394755311987448,-6.6918267032318255,1.0,18.595119518701704
6749783341304500955,AMCB,IBU,39.40399982,42.754392232080605,3.350392412080602,1.2328835508039353,4,4.306763706639849,0.12826659727245177,19.18236810297563,0.44749352791939856,0.0011470152519920062,-6.769444470055543,1.0,42.754392232080605
13889508209341995980,AMCB,IBU,66.86951506,57.73753431846014,9.131980741539856,2.568887743053218,1,3.104006201103609,0.09972860718067797,12.288885087352101,3.181665441539856,0.0012109417907036884,-6.715145207124845,1.0,57.73753431846014
14910053830220803034,AMCB,IBU,69.86299021,70.80021490412776,0.9372246941277496,1.8879041379671873,4,4.002634072151486,0.1515168733219751,14.903053617134015,1.4283750658722454,0.0011943749017872896,-6.728937236463178,1.0,70.80021490412776
9705382765169801304,AMCB,IBU,91.21306091,87.12535122838095,4.087709681619046,3.187383204899597,3,7.202815757371702,0.2681247530178964,13.165879552396143,4.940001391619049,0.0012685858009911955,-6.668583150350252,1.0,87.12535122838095
3641806862773358511,AMCB,IBU,18.34161523,18.16522520494699,0.17639002505300994,1.0927119434753028,3,2.887640270009863,0.20477449394176506,17.129035590618695,0.597275064946988,0.0011624640893285428,-6.756050171605288,1.0,18.16522520494699
13397019665152487406,AMCB,IBU,43.20188576,41.290874216374554,1.911011543625449,2.1437885471830262,1,3.626854028253354,0.126959113103672,19.23194500753298,1.8868743963745516,0.0012476730875847527,-6.685226540320555,1.0,41.290874216374554
12443167361822682259,AMCB,IBU,57.42823268,57.358078542590455,0.07015413740954557,3.778844482997223,4,3.9627323157297023,0.09851285693907663,12.662832823534346,5.562924312590454,0.0012424863478458718,-6.689397528829076,1.0,57.358078542590455
14170457224032731067,AMCB,IBU,72.22858997,72.17493001579334,0.05365995420666536,2.4755659352390373,4,5.963877326734051,0.15030772317832902,14.9059471792578,2.3119398057933296,0.0012606911575711599,-6.674833684158511,1.0,72.17493001579334
15838004617585174392,AMCB,IBU,92.06535262,88.79749479024214,3.267857829757858,1.7373913403121788,3,4.630192939091656,0.2670541883515024,13.003117696951945,0.21334268024213543,0.0012472414378157234,-6.685572996206018,1.0,88.79749479024214
8367360792300508040,AMCB,IBU,17.65314567,18.640182274434704,0.987036604434703,1.0859351869819525,1,2.289382260818511,0.20586809063813116,17.00401341302384,0.29856704443470505,0.001260681712741237,-6.674841185430562,1.0,18.640182274434704
2925648367909055584,AMCB,IBU,45.27717986,41.68170431159749,3.5954755484025043,1.6348807515032568,3,5.063467186006681,0.12821420967691666,19.22026683424564,1.5201814484025107,0.0012362352417114885,-6.694447613035997,1.0,41.68170431159749
10329680592311342265,AMCB,IBU,51.79515423,61.016347529125994,9.221193299125993,2.0401400508804235,5,4.79986968911158,0.09972860718063162,12.471402952472062,2.576453029125993,0.0012429901097543248,-6.688991659976875,1.0,61.016347529125994
18061100012921218034,AMCB,IBU,73.73833318,73.50244449551649,0.23588868448351263,2.0187677160106654,5,6.968436076301822,0.15159548124798336,14.883790341477681,1.2738545255164837,0.0012850582598679695,-6.6556653385887685,1.0,73.50244449551649
15886341675011334550,AMCB,IBU,88.58415211,90.46949051087584,1.8853384008758383,2.3121178531096556,4,3.550436531804106,0.2682839026950917,13.614689379282982,1.5958621091241554,0.001272147784104509,-6.665775680689753,1.0,90.46949051087584
5956810155342918248,AMCB,IBU,18.78655457,18.908152732875024,0.12159816287502423,1.507181497497207,4,4.851045848142438,0.23714494297410557,19.157729252222502,0.32827842287502307,0.0011051924053975127,-6.806630033057427,1.0,18.908152732875024
11758709497866201499,AMCB,IBU,43.35732053,42.25457728215746,1.1027432478425396,3.6868396092883584,3,5.155447814330366,0.15924017511393485,21.37896947336345,1.1325116078425381,0.0011426022218052319,-6.77330371166932,1.0,42.25457728215746
5045934070433293708,AMCB,IBU,58.81354316,60.899920899935566,2.086377739935564,2.618012467170705,3,2.8927045470976425,0.15921361278926055,20.17822298717111,2.2097450199355677,0.0013031828982070833,-6.641641590905799,1.0,60.899920899935566
12213156055718829850,AMCB,IBU,72.31787103,71.42871226023631,0.8891587697636965,1.824152044676764,1,3.683991244757765,0.18251627643432705,19.44641724299121,0.5069284697636931,0.001277913321269088,-6.661248018511233,1.0,71.42871226023631
4822197759693870872,AMCB,IBU,93.48029528,90.18490635384678,3.2953889261532225,3.0127603328884662,4,4.907449284162786,0.2992307650639705,17.48934591213789,3.2791428961532176,0.0012593314510676945,-6.675914168149205,1.0,90.18490635384678
14527377426712637295,AMCB,IBU,18.57987431,19.006606437703024,0.4267321277030227,1.343916836588093,4,5.046822691719316,0.23587257127723044,19.121592268960164,0.22005186770302387,0.001133712753940226,-6.781123053274603,1.0,19.006606437703024
8913128908572063278,AMCB,IBU,43.38708889,41.29304996268802,2.0940389273119777,3.685568708180281,1,3.6464710011083072,0.15799786254761602,21.37942747250404,2.064270567311979,0.0013296757803458706,-6.621489580058658,1.0,41.29304996268802
3673412737775618899,AMCB,IBU,58.69017588,57.204766641053745,1.4854092389462537,2.2300983150383744,1,3.1263643054660126,0.1579978625476369,20.203707792869707,1.6087765189462573,0.0011817558050454453,-6.7395715214290135,1.0,57.204766641053745
3900014019888937979,AMCB,IBU,71.93564073,72.86972381672625,0.9340830867262468,1.9662225907757236,4,6.273465090537604,0.18134647262225584,19.487851143038295,0.5518527867262435,0.0015549757589031325,-6.464739136613813,1.0,72.86972381672625
6367525107792975672,AMCB,IBU,93.46404925,91.29839473713135,2.165654512868656,2.388492758877844,1,2.870122242894682,0.2981655050335482,17.526473996665214,1.632219172868659,0.0012842487281958088,-6.656296304843967,1.0,91.29839473713135
1076753422912446536,AMCB,IBU,18.67298457,18.96616404820886,0.2931794782088595,1.4304032172864336,4,5.308362957998449,0.2369595449674108,18.931905788598097,0.38628973820885903,0.0015331068688270084,-6.478924686026629,1.0,18.96616404820886
3543312481866610080,AMCB,IBU,43.12425249,42.053527214932636,1.0707252750673675,3.460885154212215,1,3.698617873846214,0.1592136127892772,21.171123261776973,1.3335616750673651,0.0011621791940459008,-6.756295565650388,1.0,42.053527214932636
3827097178602094969,AMCB,IBU,59.03248805,56.75551445809748,2.276973591902518,2.3779682323001357,2,5.809358363521285,0.15924017511394245,20.186985224652677,1.9346614219025184,0.001182234973106071,-6.739165652576813,1.0,56.75551445809748
12543630162840755506,AMCB,IBU,70.77128586,74.52264732708294,3.75136146708293,2.9673595434249638,5,7.964528298086793,0.18256905908943583,19.505727956355035,2.587006597082933,0.0012222494235103777,-6.705839331188706,1.0,74.52264732708294
51231179829925974,AMCB,IBU,92.93061391,89.94158635581059,2.98902755418942,3.059188029315567,3,4.1706047768978625,0.29937026695809904,17.616611137572097,3.5224628941894167,0.0012847694007395187,-6.6558904359917666,1.0,89.94158635581059
18250989347139307598,CB,IBU,9.908550374,7.562588365275665,2.345962008724336,0.4264607135041713,1,0.2861208889053612,2.7374866698358082,3.6583158470234305,0.1255487487243352,0.011405390049471734,-4.462198293635842,1.0,7.562588365275665
3525148225901049574,CB,IBU,6.797935894,7.342737630209906,0.544801736209906,0.8973980180599503,4,0.5852870750695253,2.6677104308178388,3.6518884598575765,0.5040060522099061,0.011973905918052977,-4.412979333127082,1.0,7.342737630209906
70681744174730829,CB,IBU,6.838731578,7.433777072740045,0.5950454947400452,0.8038726363575396,5,0.6316459003625239,4.780762281084794,3.647163661315731,0.6358411787400451,0.009238310931590814,-4.675114960870398,1.0,7.433777072740045
9833688337626098060,MCB,IBU,10.33283966,7.523665139922703,2.8091745200772964,12.233977002883668,1,0.322004137345325,2.448196396978258,21.50491856149783,67.6995103500773,0.0010448070976940903,-6.862877652824152,1.0,7.523665139922703
14615374747504397717,MCB,IBU,7.200166707,8.14860340965626,0.9484367026562603,0.17824654597488476,4,0.5795392976341709,0.09721525923021838,2.875380103266976,0.14759404065626036,0.0011419535541646836,-6.773872233104307,1.0,8.14860340965626
8245831038090298452,MCB,IBU,6.998402996,7.475386171383107,0.47698317538310686,6.703640026552012,5,0.6395863195192893,2.4477023390506214,13.156219201223916,40.80992187861689,0.0010666465686891106,-6.84216838403505,1.0,7.475386171383107
10306215739715499595,MCB,IBU,6.902679391,7.1021775716399205,0.1994981806399201,7.412297469941962,1,0.34687994910359743,4.261297403075756,17.108114862516913,40.52693332836008,0.0005878961873126086,-7.438372108776225,1.0,7.1021775716399205
10116214362749667766,AMCB,IBU,75.22317549,54.08151563071118,21.141659859288822,7.252256989092933,4,3.563561876919188,2.448226457105875,18.472839660365175,43.74867597071118,0.0011857245202810515,-6.736214853662036,1.0,54.08151563071118
5358541406901829371,AMCB,IBU,58.4398945,58.6723401460231,0.23244564602310192,4.4096422478689465,2,6.914542260532189,0.10113954182722047,12.664510693577409,6.877185916023102,0.001215230700693593,-6.7116053734076555,1.0,58.6723401460231
15777899247897605502,AMCB,IBU,48.28530805,63.46951239273731,15.18420434273731,9.426051766002182,5,5.01636939683305,2.447729129641427,19.140882844026095,56.471109396737305,0.0013699170501291446,-6.591634232081823,1.0,63.46951239273731
14131364314155578277,AMCB,IBU,47.6291109,63.46951239273731,15.840401492737307,11.5663633477605,5,5.01636939683305,4.261309667269921,23.03188251530748,56.56683300173731,0.0012764612355528541,-6.662386412898896,1.0,63.46951239273731
