_condition_signature,Adsorbent,Pollutant,Adsorption type,Capacity,n_replicates,capacity_std,capacity_spread,prediction,absolute_error,predicted_risk,exact_source_support,rf_tree_std,nn_distance_mean,local_label_std,nearest_source_label_gap,domain_target_probability,log_target_source_odds,unsupported_flag,absolute_prediction
17053035532018455372,Pristine SCW Biochar,NXP,Single,0.0,1,0.0,0.0,3.169437050394942,3.169437050394942,3.4137069306576824,True,5.094829341026344,0.7552061866593552,7.656636414784061,3.169437050394942,0.694256316070026,0.8200941071086723,0.0,3.169437050394942
17098923533429936836,Pristine SCW Biochar,NXP,Single,14.44646584,3,0.087862790527495,0.1717261600000004,13.407757312976623,1.0387085270233776,1.9555037525589696,True,3.709536781435272,0.7296495447959032,6.80176801899673,0.7634449770233775,0.7062762164803126,0.877366588568772,0.0,13.407757312976623
13215046423171528219,Pristine SCW Biochar,NXP,Single,15.62173129,3,0.1136720527418718,0.2201509399999999,15.925999704061194,0.30426841406119465,0.5997875779493801,True,1.5735270570016542,0.7113343275531945,5.154918692109884,0.40188417593880743,0.7484714741507211,1.0904766864785096,0.0,15.925999704061194
16825237191054845665,Pristine SCW Biochar,NXP,Single,16.88164032,3,0.1768367021760921,0.3216456500000006,16.613116123356267,0.2685241966437317,0.43188944610695384,True,0.6475103110852608,0.6995185800060617,5.185645274152639,0.6086626866437328,0.7013602660822451,0.8537837430346639,0.0,16.613116123356267
6982030516250217062,Pristine SCW Biochar,NXP,Single,17.00858908,3,0.0523718171362269,0.1003306399999992,16.731164916584564,0.27742416341543574,0.4550126257252887,True,0.319624783996337,0.725505687273124,5.2011309262574175,0.21289666658456596,0.7065805321901093,0.87883396719746,0.0,16.731164916584564
2755595898843553677,Pristine SCW Biochar,NXP,Single,17.4625326,3,0.0656652264652853,0.1164057199999994,16.89025417007025,0.5722784299297494,0.46315465059533073,True,0.25713178679433446,0.826194407412984,5.269219315473812,0.1014973700702484,0.7137964946506304,0.9138947852668142,0.0,16.89025417007025
12146535126227506594,Pristine SCW Biochar,NXP,Single,17.54960963,3,0.0294855290482844,0.0587460899999996,17.058027210994556,0.49158241900544297,0.5281741097001769,True,0.2365204698233507,1.0215568145818341,0.9745811490738034,0.17268870900544542,0.7617855331491635,1.1624936743837953,0.0,17.058027210994556
2569984335539275158,Pristine SCW Biochar,NXP,Single,17.71590352,3,0.5586744388442485,1.011077950000001,17.119241092002287,0.596662427997714,0.559349730066255,True,0.19057017683210298,1.143744693031023,0.5946999656507962,0.11889725799771256,0.7483084999291303,1.0896111945166043,0.0,17.119241092002287
6648755328613141350,Pristine SCW Biochar,NXP,Single,16.30019973,3,0.5008810086928075,0.9532585100000012,16.856706684565722,0.5565069545657231,0.46496659875265967,True,0.7483720623245282,1.2894158319208533,1.10360770333807,0.38143166543427753,0.7757480618493039,1.2410576611895627,0.0,16.856706684565722
1214539223634647286,Pristine SCW Biochar,DCF,Single,0.0,1,0.0,0.0,3.20004377765094,3.20004377765094,3.448686898466998,True,5.107546047629733,0.7552061866593552,7.217568156258176,3.20004377765094,0.6906137434771926,0.8029901681545054,0.0,3.20004377765094
335119549853506142,Pristine SCW Biochar,DCF,Single,16.15534017,3,0.2920431399107862,0.5751112099999993,12.99541140630882,3.1599287636911786,1.8717167625157094,True,3.344403586202233,0.7296495447959032,6.344522390417364,0.9232769836911796,0.6562297280775158,0.6465373027728046,0.0,12.99541140630882
13581708233989788697,Pristine SCW Biochar,DCF,Single,17.94998036,3,0.6584718436157586,1.3169069600000007,14.910913749459606,3.039066610540395,0.4966045245974162,True,1.235546273749411,0.7113343275531945,4.86986867770271,0.12173947945960606,0.6831068149710611,0.7680864768727763,0.0,14.910913749459606
4071952786420779155,Pristine SCW Biochar,DCF,Single,18.6868745,3,0.3402276641406765,0.6078324099999968,15.3836234740285,3.3032510259714982,0.4053439369207705,True,0.5183952867982912,0.6995185800060617,5.01371827610138,0.3377066959714998,0.6936945139477672,0.8174487575728914,0.0,15.3836234740285
16575937784576867068,Pristine SCW Biochar,DCF,Single,19.22913671,3,0.6895844725473974,1.3441364,15.501412932925623,3.7277237770743756,0.3186027951737941,True,0.3081816632583284,0.725505687273124,5.034522707043295,0.11153517292562398,0.662194380045698,0.6730884971207894,0.0,15.501412932925623
16662543744214429559,Pristine SCW Biochar,DCF,Single,19.16432581,3,0.3786071221117088,0.74107403,15.591654539457897,3.572671270542104,0.31901904728271974,True,0.2990771533637383,0.826194407412984,4.98914587823786,0.1625219194578964,0.7016916039341028,0.8553661593583498,0.0,15.591654539457897
1002991668870794336,Pristine SCW Biochar,DCF,Single,19.8012145,3,0.4219203626743883,0.8409328800000004,15.655335836937505,4.145878663062495,0.32957312114324533,True,0.31989232202239787,1.0215568145818341,0.8967921083705783,0.08311886693750559,0.6914870950228663,0.8070808147965881,0.0,15.655335836937505
3713179060534583340,Pristine SCW Biochar,DCF,Single,20.25228212,3,0.5228069938236378,0.91611082,15.699887182884293,4.552394937115707,0.35595078980931644,True,0.36041732717659086,1.0188931312575595,0.8446007607094751,0.20477047711570684,0.7411686322189436,1.0520514132496215,0.0,15.699887182884293
329814341262190588,Pristine SCW Biochar,DCF,Single,19.121072145,14,0.6493511634271116,1.85447731,15.08801553838939,4.033056606610609,0.37605115441005216,True,0.5484847046527225,0.9391983933833125,0.8100481938157644,0.09140401838939027,0.7691467185768277,1.2034993793172721,0.0,15.08801553838939
2051404940871207638,Pristine SCW Biochar,IBU,Single,0.0,1,0.0,0.0,3.2621706138566076,3.2621706138566076,3.5229228403304513,True,5.198481368815588,0.7552061866593552,7.479058996219541,3.2621706138566076,0.7714157311967188,1.2163225050044315,0.0,3.2621706138566076
10658327680642255806,Pristine SCW Biochar,IBU,Single,16.89988512,3,0.2492437806001123,0.4949087499999969,13.208619885655917,3.6912652343440833,2.4277444918121356,True,3.3969527059675513,0.7296495447959032,6.601110267009212,1.6626736843440835,0.7149768600118442,0.9196798086369166,0.0,13.208619885655917
3790332834202311929,Pristine SCW Biochar,IBU,Single,18.17632699,3,0.5072648070515556,0.9328999300000014,15.400372348443547,2.775954641556453,0.5404725609005778,True,1.298617081989478,0.7113343275531945,5.0290952301318015,0.28761786155645375,0.7725681345437402,1.2228695039049127,0.0,15.400372348443547
10796766321469813683,Pristine SCW Biochar,IBU,Single,19.26992768,3,0.5565307331971229,1.088352780000001,16.02751151968102,3.242416160318978,0.4455163422049629,True,0.554595633922556,0.6995185800060617,5.102234663825938,0.07519091031898029,0.7428411218905299,1.0607880919486212,0.0,16.02751151968102
17200286515181460444,Pristine SCW Biochar,IBU,Single,19.78484896,3,0.7941954140633273,1.5517610499999996,16.232292561506856,3.552556398493145,0.4567621721531004,True,0.29152067790117553,0.725505687273124,5.139862550577668,0.0995358784931426,0.727056256154825,0.979738148321442,0.0,16.232292561506856
11008431144893168087,Pristine SCW Biochar,IBU,Single,19.78377849,3,0.8561648219835515,1.6999686700000003,16.369682018452554,3.4140964715474453,0.45762459127321586,True,0.2853887934938368,0.826194407412984,5.12229460699685,0.1957616015474457,0.7358252998794179,1.0243820990872103,0.0,16.369682018452554
18432371715842126336,Pristine SCW Biochar,IBU,Single,20.67835043,3,0.4651705901179915,0.8824834800000012,16.39266279496651,4.28568763503349,0.5216683519054194,True,0.28210371002035806,1.0215568145818341,0.721212310931946,0.021515884966508025,0.7626646115583305,1.167344087322179,0.0,16.39266279496651
8910712751277851660,Pristine SCW Biochar,IBU,Single,20.66529595,3,0.4427499960918926,0.8546382600000015,16.408156283169667,4.257139666830334,0.5418206946052644,True,0.31772969686652097,1.143744693031023,0.6581862590453041,0.2257343668303342,0.7569563516780109,1.1360645422341897,0.0,16.408156283169667
16737703975485143772,Pristine SCW Biochar,IBU,Single,20.025033185,14,0.847477039835171,2.2380936300000016,15.352387511204745,4.672645673795257,0.324724171175437,True,0.7792066984140203,1.2894158319208533,0.9076477807503658,0.16661461120474463,0.7769096099104563,1.2477469853811702,0.0,15.352387511204745
5976292064867976036,Pristine SCW Biochar,NXP,Single,8.513560872,3,0.0363993665215028,0.0692246979999993,16.84288436299739,8.329323490997389,0.5735480271894616,False,0.7757010596890621,2.0649375959493046,1.10360770333807,0.3952539870026115,0.6591188824135386,0.6593701287126413,1.0,16.84288436299739
16638446263550319536,Pristine SCW Biochar,NXP,Single,10.18427058,3,0.4935649970638183,0.938066461,16.84288436299739,6.658613782997389,0.5455252211429745,False,0.7757010596890621,1.5480834429208064,1.10360770333807,0.3952539870026115,0.6954228945251861,0.8255958668009733,1.0,16.84288436299739
14247326399820608681,Pristine SCW Biochar,NXP,Single,23.66355817,3,1.279958322737932,2.3173577499999998,16.856706684565722,6.806851485434279,0.5588897118207428,False,0.7483720623245282,1.5480834429208075,1.10360770333807,0.38143166543427753,0.7664096682827232,1.1881479798675565,1.0,16.856706684565722
3626679836655073239,Pristine SCW Biochar,NXP,Single,32.83624096,3,1.6030898109455574,2.90050802,16.856706684565722,15.979534275434276,0.587310822338204,False,0.7483720623245282,2.0649375959493037,1.10360770333807,0.38143166543427753,0.7898917573697288,1.3242730810659684,1.0,16.856706684565722
1938230782418544334,Pristine SCW Biochar,DCF,Single,6.910849115,2,0.0288239068585922,0.04076316,15.058075798701294,8.147226683701295,0.39512261042450575,False,0.5551362732650049,1.876932032637124,0.8100481938157644,0.061464278701294006,0.7232875629408836,0.9608280452309853,1.0,15.058075798701294
17509084134776967386,Pristine SCW Biochar,DCF,Single,11.94615928,3,0.4719238679505985,0.9401800599999994,15.058075798701294,3.1119165187012943,0.3097945666145214,False,0.5551362732650049,1.2823515894180004,0.8100481938157644,0.061464278701294006,0.6810002591879726,0.7583723964654857,1.0,15.058075798701294
9214597997492623055,Pristine SCW Biochar,DCF,Single,21.51003422,3,0.9609447580485042,1.7013246200000012,15.08801553838939,6.422018681610611,0.35989611063356813,False,0.5484847046527225,1.2823515894180018,0.8100481938157644,0.09140401838939027,0.7487133282393156,1.0917617649414524,1.0,15.08801553838939
15613626881432330545,Pristine SCW Biochar,DCF,Single,32.55652461,3,1.175071383865543,2.315669910000004,15.08801553838939,17.468509071610605,0.4394089824167884,False,0.5484847046527225,1.8769320326371233,0.8100481938157644,0.09140401838939027,0.7425264826869108,1.0591416675304235,1.0,15.08801553838939
1249904749956654510,Pristine SCW Biochar,IBU,Single,10.935518415,2,0.0358489349479342,0.0506980499999993,15.310349000480763,4.374830585480762,0.4493844508710906,False,0.8017073660563009,2.0649375959493046,0.9076477807503658,0.12457610048076262,0.7336913407966267,1.0134324145323814,1.0,15.310349000480763
9750239826985509562,Pristine SCW Biochar,IBU,Single,13.35058334,3,0.5195278862601166,0.9883584599999988,15.310349000480763,1.9597656604807625,0.41801826412024445,False,0.8017073660563009,1.5480834429208064,0.9076477807503658,0.12457610048076262,0.7313949922027793,1.001711730841214,1.0,15.310349000480763
12415649059408947823,Pristine SCW Biochar,IBU,Single,23.23297655,3,1.7103818026472697,3.347617509999999,15.352387511204745,7.8805890387952555,0.4122165517324511,False,0.7792066984140203,1.5480834429208075,0.9076477807503658,0.16661461120474463,0.7815757424382633,1.274872757347088,1.0,15.352387511204745
493397566369541585,Pristine SCW Biochar,IBU,Single,33.23850263,3,0.989990420675124,1.8809229599999997,15.352387511204745,17.886115118795253,0.4432891737947811,False,0.7792066984140203,2.0649375959493037,0.9076477807503658,0.16661461120474463,0.7720188925521004,1.2197462584925092,1.0,15.352387511204745
2431818629244494460,Pristine SCW Biochar,NPX,Single,21.49577512,3,1.1847717132015994,2.1479263700000004,17.276395224381393,4.219379895618609,0.9693033521358368,True,1.4596854686038334,2.2077015220561096,1.848833342370008,1.1536594343813924,0.7325449308976876,1.0075730918639936,0.0,17.276395224381393
14632511503543224213,Pristine SCW Biochar,NPX,Single,18.26438455,9,0.9369419079495462,2.8350935600000007,15.239884704972095,3.024499845027904,0.3321399716227218,True,0.43994409638761006,1.2726621858832852,0.9804557996050128,0.1025195899720952,0.6753488759496036,0.7324782693147762,0.0,15.239884704972095
10158343563720824836,Pristine SCW Biochar,NPX,Single,17.26357285,3,0.0930430699920822,0.1729319199999999,13.974101951229612,3.2894708987703876,0.590851199613681,True,0.6256261522015064,2.169195525386348,1.0943733077324789,0.7791411212296122,0.6870917801400342,0.7865579585889879,0.0,13.974101951229612
8860467251718062619,Pristine SCW Biochar,NPX,Single,16.13579508,3,0.3165028531349215,0.5837325400000015,13.65423392762335,2.481561152376651,4.992566852019856,True,0.42809890063156547,2.9642006025632655,51.33848000802545,0.04054633237664973,0.53781513582573,0.15154993745338377,0.0,13.65423392762335
7708639079549094677,Pristine SCW Biochar,DCF,Single,21.75317842,3,0.5089387188493394,1.0166903299999994,17.24024041623711,4.512938003762891,0.8120782552960771,True,1.5240714528048287,2.112205318179985,1.7582043927510307,0.5911380237628912,0.7157657456226304,0.9235542049853447,0.0,17.24024041623711
15693684484887973741,Pristine SCW Biochar,DCF,Single,19.16141715,3,0.3797127232703073,0.6582981199999978,14.195909789919169,4.96550736008083,0.56341368158125,True,0.46863861661652667,2.074518209002128,0.858449378124072,0.4351824900808321,0.6534262351637043,0.6341339686231194,0.0,14.195909789919169
12068268132093545302,Pristine SCW Biochar,DCF,Single,17.98311701,3,0.0823859634203891,0.152197540000003,13.902137239424892,4.080979770575109,4.979622190032929,True,0.4352687386632924,2.9642006025632655,51.34612354000557,0.17649379057510828,0.7147651925157015,0.918641359711522,0.0,13.902137239424892
3805779553248948725,Pristine SCW Biochar,IBU,Single,22.89928752,3,1.6938392942546747,3.3185392699999987,17.386392047078594,5.512895472921407,1.2393707394325182,True,1.4254002096689775,2.2182040464891957,1.7699205143318693,2.955790502921406,0.7817218031575308,1.2757285452839378,0.0,17.386392047078594
8203542750957706445,Pristine SCW Biochar,IBU,Single,18.5045802,3,0.2158225767391149,0.3849440200000025,14.091115306636905,4.413464893363095,0.6782083521566921,True,0.5987178850219684,2.1777341284036216,1.3565839655605816,0.4808119433630953,0.7994671779309209,1.382967543744949,0.0,14.091115306636905
8619013912121469110,Pristine SCW Biochar,IBU,Single,17.26124304,3,0.4852017821057891,0.925154459999998,13.773492005670073,3.4877510343299267,4.958761936226445,True,0.4990529288234688,2.9642006025632655,51.3358599104981,0.7303203856700726,0.6426786089919033,0.5870091370681532,0.0,13.773492005670073
16755461862370840366,Pristine SCW Biochar,NPX,Single,18.38244058,3,1.3345300647425589,2.66888445,15.412943098623227,2.9694974813767736,0.4106716528410419,True,0.37388801533137217,1.2240628079969949,0.8354935629908619,0.24479068862322784,0.7007454332767048,0.8508500682316109,0.0,15.412943098623227
6288762701156006317,Pristine SCW Biochar,NPX,Single,17.29507799,3,0.5124968379394208,0.9793909899999989,15.508187460850596,1.786890529149403,0.47181776565066164,True,0.5303358773839639,1.250597284595314,0.599667428138799,0.46536403085059597,0.7250907546306878,0.9698557994612454,0.0,15.508187460850596
2461942620734296822,Pristine SCW Biochar,NPX,Single,18.3312792,3,0.5978060575662277,1.161125030000001,16.534106178094525,1.7971730219054756,0.5804043012510153,True,0.5800438680371052,1.2705755434869896,1.0761791843362911,0.8191824980945253,0.7515832236391773,1.1070740609637122,0.0,16.534106178094525
14915493390938448242,Pristine SCW Biochar,NPX,Single,17.59235683,3,0.4910490745222607,0.9118473599999994,16.931652803133645,0.6607040268663553,0.4631935420547594,True,0.6321365108620511,1.3544074631559848,1.0093166764075903,0.1947740531336457,0.7863425283611125,1.3030183513455575,0.0,16.931652803133645
14561758705567463404,Pristine SCW Biochar,NPX,Single,16.04739171,3,1.238026727016324,2.287950610000001,17.672012974658752,1.624621264658753,0.517633784762955,True,0.6896919418662719,1.5775889020519132,1.0530789304371815,0.1943491853412489,0.7992334970838137,1.381510583968646,0.0,17.672012974658752
4659234226800065611,Pristine SCW Biochar,DCF,Single,16.653938,3,0.259065204278275,0.488112000000001,15.519771379717783,1.1341666202822172,0.386083830583447,False,0.4579552298819955,0.9691886478350474,0.7048328241394617,0.13779369028221744,0.7451727567594485,1.0730302416865287,1.0,15.519771379717783
11469103634136059972,Pristine SCW Biochar,DCF,Single,16.3975333,3,0.3343064240245587,0.5984942199999992,15.624309722489638,0.7732235775103611,0.40816002336447915,False,0.5645151583715032,1.1129526543994313,1.1786521658613032,0.7520106775103628,0.7643279225977303,1.1765555788996231,1.0,15.624309722489638
13255282744427241635,Pristine SCW Biochar,DCF,Single,16.61566462,3,0.7103360646339039,1.406832829999999,16.601713817798036,0.013950802201964763,0.4735118458258805,False,0.587488061279193,1.1841666118587757,1.0147476654527388,0.0557255077980372,0.793846813997489,1.3482709993480428,1.0,16.601713817798036
2813337390772277759,Pristine SCW Biochar,DCF,Single,16.02054824,3,0.2452251083699334,0.4560623499999998,16.99724838952372,0.9767001495237189,0.6743585023080395,False,0.6284178546072968,1.2402222395364852,0.8439339195176229,1.1482623104762801,0.8338102846262748,1.6128759005326339,1.0,16.99724838952372
12147411485588615077,Pristine SCW Biochar,DCF,Single,16.12257134,3,1.1562383874389388,2.296589279999999,17.694945074734896,1.5723737347348958,0.5661947267484739,False,0.6211054214679012,1.4515996725589604,0.7178451235613088,0.16055332526510213,0.8411431891412463,1.6667586702173798,1.0,17.694945074734896
3619321008973724267,Pristine SCW Biochar,IBU,Single,16.58306542,3,1.4339733024475383,2.860832179999999,15.787570427027847,0.795494992972154,0.47353732252794795,False,0.6692866879440432,1.430858466264032,0.9119484197644372,0.6017975270278466,0.7939206998428631,1.3487225350724528,1.0,15.787570427027847
6767561828512103332,Pristine SCW Biochar,IBU,Single,15.96808891,3,0.1950172240924493,0.3890454499999993,15.909694689693865,0.058394220306135836,0.6539489033894182,False,0.7364418498170631,1.5963941628332685,0.576766900408607,0.8668712596938644,0.83860526812229,1.647887001620899,1.0,15.909694689693865
14598158743120574339,Pristine SCW Biochar,IBU,Single,16.56583978,3,0.9032425473973807,1.6796586699999985,16.68613955428537,0.12029977428536753,0.6556280474099944,False,0.6636095917037743,1.7006359842414351,0.9651355862691564,0.9712158742853685,0.8250110042849759,1.550673634455019,1.0,16.68613955428537
12552377453823545695,Pristine SCW Biochar,IBU,Single,17.10001985,3,0.0457739099273555,0.0881391799999988,17.107007701653718,0.006987851653718735,0.6130062717054371,False,0.7319605367207083,1.7281870607668026,1.0093166764075903,0.37012895165371873,0.8251139516118569,1.5513868901982633,1.0,17.107007701653718
15269897442523904645,Pristine SCW Biochar,IBU,Single,15.62815373,3,0.9359252957174554,1.6717073499999984,17.879456168510586,2.251302438510587,0.5282528151384688,False,0.8527186634336029,1.892788723754115,0.8947497725764084,0.013094008510584842,0.8931277763676541,2.123095708068039,1.0,17.879456168510586
14527147495807567373,Pristine SCW Biochar,NPX,Single,17.10889887,3,0.4260430491802621,0.7948713699999992,14.80508907805343,2.3038097919465717,0.6025086213146031,True,0.4396505616830967,1.9098204835131771,0.805101680948194,0.5354946919465711,0.6506541101131198,0.6219156602372661,0.0,14.80508907805343
18242488890160064085,Pristine SCW Biochar,NPX,Single,18.50934797,3,1.2411421893482864,2.1758538499999998,15.625345674583784,2.8840022954162166,0.45465532482719034,True,0.27909860610452975,1.9098204835131771,0.7868351357780828,0.22443839541621635,0.6660840818694885,0.6905266924648185,0.0,15.625345674583784
9217257676294177556,Pristine SCW Biochar,DCF,Single,18.40713328,3,0.2578962950874018,0.515748539999997,14.697626141541331,3.709507138458669,0.45529224941761376,True,0.38813623040836476,1.7961034488724952,0.5517663095614659,0.20282513154133142,0.6899510166350702,0.7998903088360082,0.0,14.697626141541331
6194712352110633020,Pristine SCW Biochar,DCF,Single,20.02057158,3,0.7048455901846106,1.2314069200000013,15.574330689071793,4.446240890928205,0.45427154825966914,True,0.3872601131322333,1.7961034488724952,0.5319839300339894,0.22937301907179375,0.7281836575062838,0.9854266663566509,0.0,15.574330689071793
7086304982263032628,Pristine SCW Biochar,IBU,Single,19.90873317,3,0.3019340189984985,0.5364114399999984,14.799394297342236,5.109338872657766,0.3881812077578317,True,0.5418741802496724,1.922432208391438,0.9807958457982225,0.00883029265776436,0.7717310309854662,1.2181114615294835,0.0,14.799394297342236
870809365627718684,Pristine SCW Biochar,IBU,Single,21.2613338,3,0.6801821463086368,1.2108057700000003,15.83520625763877,5.426127542361229,0.4114910221029095,True,0.5326150656774259,1.922432208391438,0.8876139239391274,0.050661077638769925,0.7513487335078165,1.1058185242269234,0.0,15.83520625763877
11463466362237138402,NaOH-activated SCW biochars,NXP,Single,0.0,1,0.0,0.0,100.64247021975523,100.64247021975523,38.79872109471759,True,52.64666899617069,0.7552061950887274,76.9995694882753,100.64247021975523,0.6419323658017039,0.5837610580230814,0.0,100.64247021975523
12429355053059418026,NaOH-activated SCW biochars,NXP,Single,90.16372742,3,8.062833961852544,16.09178869,114.83671977812581,24.67299235812581,39.19274786294335,True,44.34795609530264,0.7296495447959046,73.93761601390192,29.696431221874192,0.644105124505358,0.5932265559023097,0.0,114.83671977812581
14609237521165358149,NaOH-activated SCW biochars,NXP,Single,104.2284102,3,1.8535906460244096,3.598987799999989,134.53287438295987,30.304464182959876,38.83921087971696,True,38.87432237301335,0.7113343275531999,62.44379399695481,15.666026117040133,0.695834710124465,0.8275408763352337,0.0,134.53287438295987
446328556523201111,NaOH-activated SCW biochars,NXP,Single,130.9519993,3,0.6002737990460835,1.1771778000000097,148.30691683235423,17.35491753235422,30.176226599050846,True,32.879591545329454,0.6995185884354413,61.24179704091618,9.183053167645767,0.7058200088106557,0.8751684650205174,0.0,148.30691683235423
1551655804826946544,NaOH-activated SCW biochars,NXP,Single,153.5606127,3,11.1201319782313,21.4316297,167.20996956280942,13.649356862809412,31.35405829485801,True,25.93657025621754,0.7255056872731266,60.53173739531831,8.963199037190577,0.6999756420913745,0.8471818730366754,0.0,167.20996956280942
12674212456835948851,NaOH-activated SCW biochars,NXP,Single,166.7371919,3,0.7271545728605638,1.3788257999999871,184.26836362779238,17.531171727792383,24.771459594914678,True,16.345732257832868,0.8261944074129834,64.3432313968901,9.314129872207616,0.711851022561422,0.9043910223789522,0.0,184.26836362779238
12588539707960640012,NaOH-activated SCW biochars,NXP,Single,174.3891721,3,4.803187929016779,9.605329099999976,187.7571076021262,13.367935502126215,24.93582693901387,True,17.39387173844213,1.0215568145818343,42.0000299238235,5.859755197873795,0.6923082868203687,0.8109330071245576,0.0,187.7571076021262
3988610212697559040,NaOH-activated SCW biochars,NXP,Single,174.0987509,3,0.2882393990424688,0.5111985000000061,189.3088921972583,15.210141297258303,25.72759352918305,True,19.378707297480428,1.0730736679812658,54.78539036344634,4.798745202741685,0.7596107930799756,1.150546882422725,0.0,189.3088921972583
10547200906881874672,NaOH-activated SCW biochars,NXP,Single,179.92426765,6,6.010461319128573,11.380636100000004,181.75385455022433,1.8295869002243421,33.70704341421147,True,34.92271672013824,1.12193800896052,67.39111923256924,9.292853799775656,0.7236044576327666,0.9624119495637574,0.0,181.75385455022433
4097433552957510200,NaOH-activated SCW biochars,DCF,Single,0.0,1,0.0,0.0,43.14451008427995,43.14451008427995,36.02801612529346,True,37.96515999845279,0.7552061950887277,50.66882635112549,43.14451008427995,0.5851015029519469,0.3437514366119958,0.0,43.14451008427995
8973503642251044448,NaOH-activated SCW biochars,DCF,Single,48.76561963,3,0.6720493947279331,1.2438903900000042,71.57866575070697,22.81304612070697,35.26245776590965,True,27.80565890750688,0.7296495447959049,45.19433663450893,13.872475459293028,0.6145961640250314,0.46667369909871415,0.0,71.57866575070697
8132899750145070855,NaOH-activated SCW biochars,DCF,Single,60.68388993,3,0.994515879419029,1.9136506200000056,85.38211010852562,24.698220178525624,19.704504420000728,True,17.81767591083643,0.7113343275532001,41.014725074473915,5.669518401474377,0.6906317766962733,0.8030745684586239,0.0,85.38211010852562
10455380725152883637,NaOH-activated SCW biochars,DCF,Single,73.87287411,3,1.1467629617614588,2.2515341000000006,90.97577395586426,17.102899845864258,11.618863752199761,True,13.276019446721886,0.6995185884354417,42.68574568285028,4.479985834135746,0.5932557727907015,0.37744107253798675,0.0,90.97577395586426
3249913649156960858,NaOH-activated SCW biochars,DCF,Single,82.2331982,3,1.7639476495591777,3.527860000000004,94.87216978318943,12.63897158318943,6.678698077457884,True,9.013103181173017,0.7255056872731269,46.94633116247579,7.145140016810572,0.6469205844915171,0.6055305380075924,0.0,94.87216978318943
2892051548520492425,NaOH-activated SCW biochars,DCF,Single,81.93930885,3,1.2202759735897664,2.4086860599999937,95.99992731963044,14.060618469630441,5.743498346100576,True,5.2562140315064045,0.826194415842355,46.63297005284921,3.104108769630443,0.6640186359627567,0.6812545210414171,0.0,95.99992731963044
13926868731529471070,NaOH-activated SCW biochars,DCF,Single,82.83055081,3,0.4837747488149108,0.9164002600000032,97.23239653583794,14.40184572583793,5.120734054247155,True,2.740235618349171,1.0215568145818348,46.29308532795966,1.1024416841620592,0.6518582057997938,0.6272172111224972,0.0,97.23239653583794
6280546985017538186,NaOH-activated SCW biochars,DCF,Single,82.6411851,3,0.4188619727071245,0.8300395999999921,97.35578590251866,14.71460080251866,3.6379702927120166,True,2.8518395734961715,0.9808385778593467,6.259863678397202,1.175651987481345,0.6644209656928661,0.6830584326959871,0.0,97.35578590251866
14802185984964681562,NaOH-activated SCW biochars,DCF,Single,77.22438452,15,10.272856265847588,39.63572226000001,93.58893090231919,16.36454638231919,5.759901297922973,True,7.463487027246842,0.8113645183985089,32.596023669365856,1.063317822319192,0.6675627630395902,0.6971823316227629,0.0,93.58893090231919
18031951279925841496,NaOH-activated SCW biochars,IBU,Single,0.0,1,0.0,0.0,32.15261504943266,32.15261504943266,35.18246288303786,True,29.452121046384296,0.7552061950887274,46.82521932055057,32.15261504943266,0.7391477111261082,1.0415434766079479,0.0,32.15261504943266
7439356660872997760,NaOH-activated SCW biochars,IBU,Single,38.20195295,3,0.3659551890774128,0.673115580000001,55.67394759449993,17.47199464449993,32.30931972449157,True,23.29907792130513,0.7296495447959046,41.79309739909327,15.587921485500068,0.6769556640169666,0.7398162049628265,0.0,55.67394759449993
3280576637481085735,NaOH-activated SCW biochars,IBU,Single,49.12704629,3,3.250022963021562,6.185347639999996,68.26414216466821,19.137095874668212,17.94657230385214,True,15.097500716653476,0.7113343275531999,41.87035808303059,5.03953875533179,0.6726275622691174,0.7200933010724135,0.0,68.26414216466821
2475666081309423509,NaOH-activated SCW biochars,IBU,Single,62.99284614,3,0.243779493752597,0.487519909999996,73.50174727701922,10.508901137019222,8.652505079761179,True,10.195525895014907,0.6995185884354413,44.20786975479563,5.674201182980781,0.6763259446460438,0.7369381190354095,0.0,73.50174727701922
7140885989460122234,NaOH-activated SCW biochars,IBU,Single,65.00045691,3,3.881244514054734,6.742539359999995,75.49243597880167,10.491979068801669,7.721406800437629,True,6.666859604525793,0.7255056872731266,42.9506184294654,4.420579291198337,0.6814382321715966,0.7603892221808888,0.0,75.49243597880167
5352559836577404585,NaOH-activated SCW biochars,IBU,Single,65.18409441,3,2.135982585550552,3.762760759999999,74.69092414742606,9.50682973742606,7.91774202257505,True,4.09212063518082,0.8261944074129834,46.812479421472574,6.194489577426054,0.6980453068644478,0.8380070268133837,0.0,74.69092414742606
271021551376951870,NaOH-activated SCW biochars,IBU,Single,65.30178063,3,2.0053529723469508,3.8651993499999975,75.35874867384818,10.056968043848187,6.958642466619906,True,3.660311952361326,1.0215568145818343,47.00120968772089,0.08321500615181776,0.7502579679469192,1.0999885913248155,0.0,75.35874867384818
4601601497501002282,NaOH-activated SCW biochars,IBU,Single,65.65806376,3,2.74507137294339,5.071421110000003,76.92566217120736,11.26759841120736,8.123688951130351,True,4.303602870687281,1.0730736679812658,49.2824037064319,3.0051315687926348,0.7223605253456544,0.9562009385600999,0.0,76.92566217120736
14131146040637425530,NaOH-activated SCW biochars,IBU,Single,65.65332219000001,12,4.902019083895888,13.244266330000002,76.78527152645715,11.13194933645714,8.341979460692789,True,8.337321760903583,1.12193800896052,46.90000136339166,3.1324681164571473,0.7516672417149612,1.1075241142213146,0.0,76.78527152645715
16405048272212825666,NaOH-activated SCW biochars,NXP,Single,64.8903021,3,0.0642348571620868,0.1126525399999991,140.40805744501668,75.51775534501668,40.29950999795993,True,44.286739104070584,1.4442305326494806,51.576493436270155,76.11975874501668,0.6569803478856963,0.6498663658247792,0.0,140.40805744501668
13765390047063166502,NaOH-activated SCW biochars,NXP,Single,126.0338032,3,0.13512206890704,0.2687215999999921,140.40805744501668,14.374254245016687,32.53526776342575,True,44.286739104070584,1.2037952507100695,65.03856183023336,10.123542345016688,0.7586096541915238,1.1450720401453114,0.0,140.40805744501668
3540536502839737235,NaOH-activated SCW biochars,NXP,Single,225.3867619,3,2.769780368677622,5.2262197000000015,218.2819828315192,7.104779068480809,43.886688091599815,True,39.83305775292771,1.2037952507100695,74.65212561206803,28.272490868480787,0.7988924692201095,1.3793866109940986,0.0,218.2819828315192
10087744159834544517,NaOH-activated SCW biochars,NXP,Single,253.7893399,3,7.373442589271933,13.929293700000017,218.2819828315192,35.507357068480786,44.25883299293826,True,39.83305775292771,1.4442305326494804,76.3539147322417,47.9306388684808,0.6858883597136225,0.7809664085085333,0.0,218.2819828315192
14731060229230471192,NaOH-activated SCW biochars,DCF,Single,54.75327727,3,0.7919255165770014,1.473992180000003,86.84616114528129,32.09288387528129,11.17179741650764,True,10.153101862807475,1.3420495960761134,21.356176240829747,24.269628305281287,0.6365511732923297,0.560426304994179,0.0,86.84616114528129
5541933350374393212,NaOH-activated SCW biochars,DCF,Single,77.09472432,3,8.123189982291946,16.158931859999996,86.91340027571829,9.818675955718291,5.42835298471326,True,10.09931896302765,0.9965541622591271,17.964496357418156,6.297238834281714,0.67893213013847,0.7488686335776227,0.0,86.91340027571829
12615432238208671005,NaOH-activated SCW biochars,DCF,Single,92.0230423,3,4.84786474220014,9.68887703,95.7220230757298,3.698980775729794,21.07306502161437,True,16.98734542858582,0.9965541622591276,49.43965257184041,4.647359924270205,0.6453369982187882,0.5986046103538866,0.0,95.7220230757298
10427946335696234203,NaOH-activated SCW biochars,DCF,Single,95.69277177,3,11.804464303422009,21.737355590000007,95.7220230757298,0.029251305729800947,24.383389824676993,True,16.98734542858582,1.342049596076113,71.85586393071358,7.832424555729787,0.6224656502158417,0.5000268890850091,0.0,95.7220230757298
6260261985190404920,NaOH-activated SCW biochars,IBU,Single,52.90707681,3,0.8961606413789279,1.6037947499999987,70.54103917607551,17.633962366075515,10.675115888775146,True,7.568862601392828,1.4442305326494806,40.699656850809205,10.914696016075517,0.7871230199767053,1.3076701110104425,0.0,70.54103917607551
599381209477399324,NaOH-activated SCW biochars,IBU,Single,66.76808811,3,10.461715427225217,18.545054730000004,70.80638107614784,4.03829296614785,6.55177017361839,True,7.560807014622567,1.2037952507100695,47.22026102518364,0.4178137361478491,0.7295238167010775,0.9922079679533509,0.0,70.80638107614784
3926410718330234365,NaOH-activated SCW biochars,IBU,Single,70.35687624,3,5.536540334511678,9.855371140000004,78.00412561070053,7.647249370700521,24.391262238621604,True,20.269191985580974,1.2037952507100695,74.49273640318668,4.899767469299476,0.7333990417944696,1.0119369472038113,0.0,78.00412561070053
3396071663462261947,NaOH-activated SCW biochars,IBU,Single,73.29670399,3,0.85541495608449,1.4863020199999966,78.00412561070053,4.707421620700529,29.76057824716168,True,20.269191985580974,1.4442305326494804,75.92324319594577,11.833593970700534,0.7311366917395005,1.000397332351955,0.0,78.00412561070053
12143757583447324994,NaOH-activated SCW biochars,NPX,Single,190.595886,3,2.8517547573249664,5.691406100000023,185.3691934035278,5.226692596472219,10.051382039663245,True,5.396185646532812,2.2077015136267404,51.664400115283044,11.412553996472212,0.6679899358866047,0.6991078253335301,0.0,185.3691934035278
7070640037739440319,NaOH-activated SCW biochars,NPX,Single,172.0266924,9,5.254077251733119,18.136382699999984,185.3691934035278,13.342501003527786,5.714156858614442,True,5.396185646532812,1.2622458481820873,52.58452768062397,0.48861620352778345,0.6732616870583316,0.7229745064269137,0.0,185.3691934035278
852043111923116922,NaOH-activated SCW biochars,NPX,Single,152.656609,3,4.24740555145531,7.880200699999989,179.57749769215792,26.920888692157916,9.736388004014708,True,6.736398083499447,2.169195525386348,54.97459110104514,4.906928792157913,0.6021714207278943,0.41452094965656483,0.0,179.57749769215792
15261173828235182569,NaOH-activated SCW biochars,NPX,Single,145.3785096,3,4.758363152208212,9.471490399999992,179.57749769215792,34.19898809215792,12.403998429327457,True,6.736398083499447,2.964200602563267,68.54332011093986,8.198608892157921,0.5354519538297914,0.14204617456552152,0.0,179.57749769215792
18018378148491117671,NaOH-activated SCW biochars,DCF,Single,96.67411867,3,6.012469622893867,11.945826999999994,94.47598326692317,2.198135403076833,11.872397113299387,True,8.1088173165696,2.0739290251072586,32.61708405681851,24.44146023307684,0.6715369849375122,0.7151448482792333,0.0,94.47598326692317
1787412344397427871,NaOH-activated SCW biochars,DCF,Single,62.75924066,3,0.7742707888520197,1.5485287700000043,89.26125923251873,26.502018572518722,8.769479774887454,True,7.11977974692148,2.0552802098177714,29.137317971860632,1.702593102518719,0.6972966652349657,0.8344577191192529,0.0,89.26125923251873
17454219733314565792,NaOH-activated SCW biochars,DCF,Single,51.973701,3,2.1902943543581648,4.209056510000004,89.26125923251873,37.28755823251873,12.202043839712108,True,7.11977974692148,2.964200602563267,59.28291339035937,9.248926542518731,0.6595427664963255,0.6612572983098214,0.0,89.26125923251873
1502419750140885639,NaOH-activated SCW biochars,IBU,Single,94.31416328,3,5.267430613232705,9.218079619999996,78.13909543937628,16.175067840623726,15.544922325381858,True,10.553901165265387,2.1640836920401307,51.203510257456855,32.02508516062372,0.7529484333403518,1.1143996570956354,0.0,78.13909543937628
15807910494372115647,NaOH-activated SCW biochars,IBU,Single,50.22163876,3,1.1438262795523872,2.259758439999999,68.32577848769057,18.104139727690573,11.740152735784674,True,10.036612305767399,2.126396591291644,54.39250300011504,3.131533697690571,0.7388310620909416,1.039901821804311,0.0,68.32577848769057
8791253579198486592,NaOH-activated SCW biochars,IBU,Single,38.06104336,3,0.961021659047713,1.7744325800000027,68.32577848769057,30.26473512769057,16.262847944048517,True,10.036612305767399,2.964200602563267,59.01260179852371,16.39875573769057,0.7454687572569311,1.0745896351597473,0.0,68.32577848769057
665404155957715216,NaOH-activated SCW biochars,NPX,Single,177.1620054,3,4.715130985609718,9.308853,189.29087088590936,12.128865485909358,5.878341575138661,True,4.727676836754764,1.2240628164263672,54.006805802083385,1.4381631140906563,0.6431109428482832,0.5888922795747992,0.0,189.29087088590936
6827103232613768791,NaOH-activated SCW biochars,NPX,Single,179.105641,3,3.446864461411053,6.8508216000000175,191.70313331183274,12.597492311832752,5.118280238023765,True,1.541001215150216,1.250597293024685,51.80300683422814,0.10948168816725001,0.6942855253938535,0.8202317189417572,0.0,191.70313331183274
18203435778758194360,NaOH-activated SCW biochars,NPX,Single,186.0584129,3,7.438969215057984,13.851656899999996,191.85609521181283,5.797682311812821,6.144353836962764,True,1.5423073910832528,1.2705755434869912,50.65980694615603,0.15793588818718263,0.7507571629311159,1.102654577360985,0.0,191.85609521181283
5759522579916954172,NaOH-activated SCW biochars,NPX,Single,181.2017167,3,1.210239802275816,2.250474099999991,192.3843785021058,11.182661802105798,5.125024247397624,True,1.6415659978480948,1.3544074715853567,50.73588844337905,1.4809648978942107,0.7143786440769999,0.9167461322956036,0.0,192.3843785021058
664633524360232258,NaOH-activated SCW biochars,NPX,Single,182.9370612,3,11.377206925403453,19.882395400000007,192.3843785021058,9.447317302105802,6.979603257795741,True,1.6415659978480948,1.577588910481285,50.64639885668805,0.49701659789420205,0.7241224377949643,0.9650033389725275,0.0,192.3843785021058
13641899622687088449,NaOH-activated SCW biochars,DCF,Single,76.95847226,3,1.847846642684467,3.68318923999999,94.6262990161354,17.667826756135412,3.048585386610844,False,6.662974546087653,0.8898091764526749,4.807113077029038,1.300787066135399,0.7106925243137172,0.8987498287618745,1.0,94.6262990161354
9393633767651503122,NaOH-activated SCW biochars,DCF,Single,83.56161718499999,2,6.794445397536804,9.608796830000005,96.33655559096452,12.774938405964534,6.58051848808222,False,5.8316334361060225,1.1129526543994328,31.581761950137597,1.4258116490354809,0.7466197825347584,1.0806648665305651,1.0,96.33655559096452
5981541925235720617,NaOH-activated SCW biochars,DCF,Single,85.17762947,3,5.739128617253369,10.722110449999988,96.27906882626031,11.101439356260315,8.115194010875474,False,5.905608497936097,1.1841666118587775,41.31893777823137,5.107772356260313,0.7519122503815914,1.1088371161301638,1.0,96.27906882626031
6023530469711918669,NaOH-activated SCW biochars,DCF,Single,80.57171083,3,3.608737453795469,6.978488560000002,97.18579015560394,16.61407932560394,8.399591682471572,False,5.736745775392601,1.2402222395364881,47.33967597685054,5.712537344396054,0.7644402518010697,1.1771792798844132,1.0,97.18579015560394
532790910543730727,NaOH-activated SCW biochars,DCF,Single,79.58071398,3,6.4082518459314,12.670367479999996,97.08478930155103,17.504075321551028,9.213219723899558,False,5.725779337186906,1.4515996725589633,41.47134105538589,8.043892251551028,0.8178190790497631,1.501640872913805,1.0,97.08478930155103
12079174347632602273,NaOH-activated SCW biochars,IBU,Single,69.72658596,3,2.48490238455956,4.591903160000001,76.99503716328014,7.268451203280151,10.318571351731372,False,8.09292011834576,1.321585476597361,55.98815084797321,3.3422337532801407,0.776907173802994,1.2477329299751552,1.0,76.99503716328014
3049006844620542258,NaOH-activated SCW biochars,IBU,Single,73.17741615,3,6.716152496273282,12.87064894000001,79.37274394248311,6.195327792483113,15.154118663393167,False,6.02498604679251,1.5676098414413586,51.6628684258092,112.43987105751688,0.8036033773625836,1.4089696362972794,1.0,79.37274394248311
4855520275444175689,NaOH-activated SCW biochars,IBU,Single,75.69155256,3,3.582664086507948,7.141536020000004,79.5255546426457,3.8340020826456964,15.385169128364094,False,5.867018797292269,1.7006359842414362,50.04637605131329,112.48847645735431,0.826309209570323,1.5596923973352614,1.0,79.5255546426457
5514219354175734125,NaOH-activated SCW biochars,IBU,Single,76.30216313,3,5.112160669627849,9.066322689999993,81.32748026951371,5.025317139513717,15.497589490287192,False,5.241664653710447,1.7281870607668044,50.73588844337904,112.53786313048629,0.8133286337696537,1.471785580472212,1.0,81.32748026951371
7156357989100352967,NaOH-activated SCW biochars,IBU,Single,71.70044321,3,6.8537866604752455,12.82081101,81.415192424662,9.714749214661992,15.544333986489722,False,5.093995821355435,1.8927887237541168,47.33006602764753,111.466202675338,0.7990384017791329,1.3802951707346327,1.0,81.415192424662
6812290224175752247,NaOH-activated SCW biochars,NPX,Single,167.0779885,3,0.2429932372428184,0.4391717000000028,185.3691934035278,18.291204903527785,10.344777782966611,True,5.396185646532812,1.9098204835131778,58.53665527166764,4.605763703527799,0.5567728540764341,0.22807497099212098,0.0,185.3691934035278
9153488855957792255,NaOH-activated SCW biochars,NPX,Single,181.832546,3,5.950940383356051,10.627278800000028,185.3691934035278,3.5366474035277804,7.84277732025199,True,5.396185646532812,1.9098204835131778,53.5194208200937,2.466751996472226,0.6238652828150995,0.5059870825320798,0.0,185.3691934035278
12341295020867722114,NaOH-activated SCW biochars,DCF,Single,72.89459636,3,2.549014746587269,5.031021969999998,93.5504307492232,20.6558343892232,11.150044307855453,True,7.525926046400609,1.7504374519762393,31.405162145140956,16.789893159223197,0.6865240659794123,0.7839186890033744,0.0,93.5504307492232
8138945238617595290,NaOH-activated SCW biochars,DCF,Single,87.78495046,3,7.335083824556933,14.402876059999995,93.58893090231919,5.803980442319187,11.702296914159627,True,7.463487027246842,1.7504374519762393,30.372262225465846,16.37271269768081,0.7036876364008442,0.8649203790660163,0.0,93.58893090231919
95817833491593826,NaOH-activated SCW biochars,IBU,Single,57.641649,3,7.230254832901161,12.957789580000004,75.61080706453691,17.969158064536913,13.98696736215439,True,8.389476710992248,1.8581403483641732,53.156702842509084,13.689461884536911,0.7700525046566544,1.208607698641621,0.0,75.61080706453691
12299775327561621562,NaOH-activated SCW biochars,IBU,Single,69.79127526,3,2.386192555932204,4.676741159999992,78.02480546577368,8.233530205773675,10.169226374423065,True,8.06347087379218,1.8581403483641732,50.92965144487704,7.148716114226318,0.7081610846225634,0.8864695980863696,0.0,78.02480546577368
