catalyst,hydrothermal_synthesis_time_min,energy_band_gap_eV,C_%,O_%,Fe_%,Al_%,Ni_%,Mo_%,S_%,Bi,Ag,Pd,Pt,surface_area_m2/g,pore_volume_cm3/g,pore_size_nm,volume_l,loading_g,light_intensity_watt,light_source_dist_cm,time_m,dye,log_kw,hydrogen_bonding_accep_count,hydrogen_bonding_donor_count,solubility_g/l,molecular_wt_g/M,pka1,pka2,dye_conc_mg/l,solution_ph,ha_mg/l,anions,final_concentration_mg/l,k_1st,k_2nd,efficiency_%,_trajectory_id,_dye_domain,_matrix_stressed,_matrix_domain
LTH,300,3.03,39.85,39.84,6.08,6.76,7.47,0.0,0.0,0.0,0.0,0.0,0.0,140.0,0.269,8.29,0.02,0.02,105,9,150,Indigo,3.0606,9,2,10,466.36,8.0,12.7,20,5.0,0,N/A,12.87356322,0.002607175804023524,0.00016761559692407077,32.36714975490093,0,Indigo,False,controlled
LTH,300,3.03,39.85,39.84,6.08,6.76,7.47,0.0,0.0,0.0,0.0,0.0,0.0,140.0,0.269,8.29,0.02,0.02,105,9,150,Indigo,3.0606,9,2,10,466.36,8.0,12.7,20,7.0,0,N/A,11.01149425,0.003648750382051791,0.0002551864292374606,42.14975847339495,1,Indigo,False,controlled
LTH,300,3.03,39.85,39.84,6.08,6.76,7.47,0.0,0.0,0.0,0.0,0.0,0.0,140.0,0.269,8.29,0.02,0.02,105,9,150,Indigo,3.0606,9,2,10,466.36,8.0,12.7,20,9.0,0,N/A,11.39135632,0.003422649107325318,0.0002349975142918523,40.154106294191735,2,Indigo,False,controlled
LTH,300,3.03,39.85,39.84,6.08,6.76,7.47,0.0,0.0,0.0,0.0,0.0,0.0,140.0,0.269,8.29,0.02,0.02,105,9,210,Indigo,3.0606,9,2,10,466.36,8.0,12.7,20,11.0,0,N/A,11.46125057,0.00241562088689675,0.00016530610395470467,39.7869082416821,3,Indigo,False,controlled
LM1,1320,4.61,11.16,51.39,9.1,13.68,10.85,1.13,2.69,0.0,0.0,0.0,0.0,77.0,0.1496,7.71,0.02,0.02,105,9,150,Indigo,3.0606,9,2,10,466.36,8.0,12.7,20,5.0,0,N/A,7.026357241,0.006643892121589721,0.0005985668391886455,63.08616667133434,4,Indigo,False,controlled
LM1,1320,4.61,11.16,51.39,9.1,13.68,10.85,1.13,2.69,0.0,0.0,0.0,0.0,77.0,0.1496,7.71,0.02,0.02,105,9,150,Indigo,3.0606,9,2,10,466.36,8.0,12.7,20,7.0,0,N/A,5.18727694,0.008666955541658977,0.0009349542791817617,72.7480015853081,5,Indigo,False,controlled
LM1,1320,4.61,11.16,51.39,9.1,13.68,10.85,1.13,2.69,0.0,0.0,0.0,0.0,77.0,0.1496,7.71,0.02,0.02,105,9,150,Indigo,3.0606,9,2,10,466.36,8.0,12.7,20,9.0,0,N/A,2.755510345,0.012884330318129446,0.002069152987984033,85.52358695666496,6,Indigo,False,controlled
LM1,1320,4.61,11.16,51.39,9.1,13.68,10.85,1.13,2.69,0.0,0.0,0.0,0.0,77.0,0.1496,7.71,0.02,0.02,105,9,210,Indigo,3.0606,9,2,10,466.36,8.0,12.7,20,11.0,0,N/A,0.104491954,0.024785225819618815,0.04532180291239665,99.45103864750354,7,Indigo,False,controlled
LM1,1320,4.61,11.16,51.39,9.1,13.68,10.85,1.13,2.69,0.0,0.0,0.0,0.0,77.0,0.1496,7.71,0.02,0.02,35,9,210,Indigo,3.0606,9,2,10,466.36,8.0,12.7,20,11.0,0,N/A,3.345920609,0.008278620672461075,0.0011730246432535654,82.42179390326653,8,Indigo,False,controlled
LM1,1320,4.61,11.16,51.39,9.1,13.68,10.85,1.13,2.69,0.0,0.0,0.0,0.0,77.0,0.1496,7.71,0.02,0.02,70,9,210,Indigo,3.0606,9,2,10,466.36,8.0,12.7,20,11.0,0,N/A,2.355829327,0.009949330452611318,0.0017711558832341433,87.62336042064324,9,Indigo,False,controlled
LM1,1320,4.61,11.16,51.39,9.1,13.68,10.85,1.13,2.69,0.0,0.0,0.0,0.0,77.0,0.1496,7.71,0.02,0.02,105,16,210,Indigo,3.0606,9,2,10,466.36,8.0,12.7,20,11.0,0,N/A,0.105391848,0.024744391455631568,0.04493268413281849,99.44631094351838,10,Indigo,False,controlled
LM1,1320,4.61,11.16,51.39,9.1,13.68,10.85,1.13,2.69,0.0,0.0,0.0,0.0,77.0,0.1496,7.71,0.02,0.02,105,23,210,Indigo,3.0606,9,2,10,466.36,8.0,12.7,20,11.0,0,N/A,0.28678131,0.019977559790986945,0.016354482637773508,98.49335905989179,11,Indigo,False,controlled
LM1,1320,4.61,11.16,51.39,9.1,13.68,10.85,1.13,2.69,0.0,0.0,0.0,0.0,77.0,0.1496,7.71,0.02,0.01,105,9,210,Indigo,3.0606,9,2,10,466.36,8.0,12.7,20,11.0,0,N/A,4.56682069,0.006797309262041222,0.0007925451662987306,76.00764492746322,12,Indigo,False,controlled
LM1,1320,4.61,11.16,51.39,9.1,13.68,10.85,1.13,2.69,0.0,0.0,0.0,0.0,77.0,0.1496,7.71,0.02,0.03,105,9,210,Indigo,3.0606,9,2,10,466.36,8.0,12.7,20,11.0,0,N/A,0.160354023,0.022745826098346085,0.029446025122999868,99.15756038647409,13,Indigo,False,controlled
LM1,1320,4.61,11.16,51.39,9.1,13.68,10.85,1.13,2.69,0.0,0.0,0.0,0.0,77.0,0.1496,7.71,0.02,0.04,105,9,210,Indigo,3.0606,9,2,10,466.36,8.0,12.7,20,11.0,0,N/A,0.18156092,0.022154363097973227,0.02597741411917038,99.04614734064884,14,Indigo,False,controlled
LM1,1320,4.61,11.16,51.39,9.1,13.68,10.85,1.13,2.69,0.0,0.0,0.0,0.0,77.0,0.1496,7.71,0.02,0.05,105,9,210,Indigo,3.0606,9,2,10,466.36,8.0,12.7,20,11.0,0,N/A,0.19645977,0.021778808656290283,0.02398840191891605,98.96787439681391,15,Indigo,False,controlled
LM1,1320,4.61,11.16,51.39,9.1,13.68,10.85,1.13,2.69,0.0,0.0,0.0,0.0,77.0,0.1496,7.71,0.02,0.02,105,9,150,Indigo,3.0606,9,2,10,466.36,8.0,12.7,10,11.0,0,N/A,0.158156,0.031936170717649294,0.041802232382826536,99.1691079710747,16,Indigo,False,controlled
LM1,1320,4.61,11.16,51.39,9.1,13.68,10.85,1.13,2.69,0.0,0.0,0.0,0.0,77.0,0.1496,7.71,0.02,0.02,105,9,150,Indigo,3.0606,9,2,10,466.36,8.0,12.7,30,11.0,0,N/A,1.277333333,0.018009850967890272,0.004868965136078217,93.2893719829138,17,Indigo,False,controlled
LM1,1320,4.61,11.16,51.39,9.1,13.68,10.85,1.13,2.69,0.0,0.0,0.0,0.0,77.0,0.1496,7.71,0.02,0.02,105,9,150,Indigo,3.0606,9,2,10,466.36,8.0,12.7,40,11.0,0,N/A,2.583908046,0.01331299477992824,0.00222982962848593,86.42512077380977,18,Indigo,False,controlled
LM1,1320,4.61,11.16,51.39,9.1,13.68,10.85,1.13,2.69,0.0,0.0,0.0,0.0,77.0,0.1496,7.71,0.02,0.02,105,9,150,Indigo,3.0606,9,2,10,466.36,8.0,12.7,50,11.0,0,N/A,5.644972414,0.008103246037172536,0.0008307503488188298,70.34344203004757,19,Indigo,False,controlled
LM1,1320,4.61,11.16,51.39,9.1,13.68,10.85,1.13,2.69,0.0,0.0,0.0,0.0,77.0,0.1496,7.71,0.02,0.02,105,9,150,Indigo,3.0606,9,2,10,466.36,8.0,12.7,60,11.0,0,N/A,10.67920575,0.0038530250238266632,0.0002740246048860517,43.89547704210903,20,Indigo,False,controlled
LM1,1320,4.61,11.16,51.39,9.1,13.68,10.85,1.13,2.69,0.0,0.0,0.0,0.0,77.0,0.1496,7.71,0.02,0.02,105,9,150,Indigo,3.0606,9,2,10,466.36,8.0,12.7,80,11.0,0,N/A,12.81712644,0.0026364662442736053,0.00016989584201457667,32.663647330966405,21,Indigo,False,controlled
LM1,1320,4.61,11.16,51.39,9.1,13.68,10.85,1.13,2.69,0.0,0.0,0.0,0.0,77.0,0.1496,7.71,0.02,0.02,105,9,150,Indigo,3.0606,9,2,10,466.36,8.0,12.7,100,11.0,0,N/A,14.58724138,0.0017740329852335506,0.00010677883879514228,23.364130436712742,22,Indigo,False,controlled
LM1.5,1320,2.74,18.63,40.11,9.95,10.67,12.95,1.79,5.9,0.0,0.0,0.0,0.0,92.21,0.175,7.6,0.02,0.02,105,9,150,Indigo,3.0606,9,2,10,466.36,8.0,12.7,20,5.0,0,N/A,10.77103448,0.0037959445187413293,0.0002687024078480412,43.41304349685412,23,Indigo,False,controlled
LM1.5,1320,2.74,18.63,40.11,9.95,10.67,12.95,1.79,5.9,0.0,0.0,0.0,0.0,92.21,0.175,7.6,0.02,0.02,105,9,150,Indigo,3.0606,9,2,10,466.36,8.0,12.7,20,7.0,0,N/A,10.24473563,0.004129921598586613,0.00030049917672721877,46.17801933904507,24,Indigo,False,controlled
LM1.5,1320,2.74,18.63,40.11,9.95,10.67,12.95,1.79,5.9,0.0,0.0,0.0,0.0,92.21,0.175,7.6,0.02,0.02,105,9,150,Indigo,3.0606,9,2,10,466.36,8.0,12.7,20,9.0,0,N/A,8.447238092,0.0054160845429322944,0.0004389710457573616,55.62139408509991,25,Indigo,False,controlled
LM1.5,1320,2.74,18.63,40.11,9.95,10.67,12.95,1.79,5.9,0.0,0.0,0.0,0.0,92.21,0.175,7.6,0.02,0.02,105,9,210,Indigo,3.0606,9,2,10,466.36,8.0,12.7,20,11.0,0,N/A,0.819425287,0.01497811557296655,0.005561101341074238,95.69504831136267,26,Indigo,False,controlled
LM1.5,1320,2.74,18.63,40.11,9.95,10.67,12.95,1.79,5.9,0.0,0.0,0.0,0.0,92.21,0.175,7.6,0.02,0.02,35,9,210,Indigo,3.0606,9,2,10,466.36,8.0,12.7,20,11.0,0,N/A,5.182850575,0.0061947476542827985,0.0006686084918865953,72.77125603911078,27,Indigo,False,controlled
LM1.5,1320,2.74,18.63,40.11,9.95,10.67,12.95,1.79,5.9,0.0,0.0,0.0,0.0,92.21,0.175,7.6,0.02,0.02,70,9,210,Indigo,3.0606,9,2,10,466.36,8.0,12.7,20,11.0,0,N/A,3.550928736,0.007995443006269295,0.0010908582555001656,81.34475845352574,28,Indigo,False,controlled
LM1.5,1320,2.74,18.63,40.11,9.95,10.67,12.95,1.79,5.9,0.0,0.0,0.0,0.0,92.21,0.175,7.6,0.02,0.02,105,16,210,Indigo,3.0606,9,2,10,466.36,8.0,12.7,20,11.0,0,N/A,2.012537931,0.010699312564420266,0.0021159467281735836,89.42688405891835,29,Indigo,False,controlled
LM1.5,1320,2.74,18.63,40.11,9.95,10.67,12.95,1.79,5.9,0.0,0.0,0.0,0.0,92.21,0.175,7.6,0.02,0.02,105,23,210,Indigo,3.0606,9,2,10,466.36,8.0,12.7,20,11.0,0,N/A,1.704689655,0.011489853060586717,0.0025432419447270925,91.0442029001055,30,Indigo,False,controlled
LM1.5,1320,2.74,18.63,40.11,9.95,10.67,12.95,1.79,5.9,0.0,0.0,0.0,0.0,92.21,0.175,7.6,0.02,0.01,105,9,150,Indigo,3.0606,9,2,10,466.36,8.0,12.7,20,11.0,0,N/A,5.183333333,0.008672025776468402,0.0009359320876548866,72.76871981048777,31,Indigo,False,controlled
LM1.5,1320,2.74,18.63,40.11,9.95,10.67,12.95,1.79,5.9,0.0,0.0,0.0,0.0,92.21,0.175,7.6,0.02,0.03,105,9,150,Indigo,3.0606,9,2,10,466.36,8.0,12.7,20,11.0,0,N/A,0.196873563,0.030476305232263877,0.03351243948188685,98.96570048431408,32,Indigo,False,controlled
LM1.5,1320,2.74,18.63,40.11,9.95,10.67,12.95,1.79,5.9,0.0,0.0,0.0,0.0,92.21,0.175,7.6,0.02,0.04,105,9,150,Indigo,3.0606,9,2,10,466.36,8.0,12.7,20,11.0,0,N/A,0.155069885,0.03206754406046671,0.04264112758210043,99.18532125639962,33,Indigo,False,controlled
LM1.5,1320,2.74,18.63,40.11,9.95,10.67,12.95,1.79,5.9,0.0,0.0,0.0,0.0,92.21,0.175,7.6,0.02,0.05,105,9,150,Indigo,3.0606,9,2,10,466.36,8.0,12.7,20,11.0,0,N/A,0.224229885,0.029608904649507786,0.029381150711085578,98.82198067671581,34,Indigo,False,controlled
LM1.5,1320,2.74,18.63,40.11,9.95,10.67,12.95,1.79,5.9,0.0,0.0,0.0,0.0,92.21,0.175,7.6,0.02,0.02,105,9,150,Indigo,3.0606,9,2,10,466.36,8.0,12.7,10,11.0,0,N/A,0.124629885,0.03352439380159098,0.0531414764852176,99.34524154624309,35,Indigo,False,controlled
LM1.5,1320,2.74,18.63,40.11,9.95,10.67,12.95,1.79,5.9,0.0,0.0,0.0,0.0,92.21,0.175,7.6,0.02,0.02,105,9,150,Indigo,3.0606,9,2,10,466.36,8.0,12.7,30,11.0,0,N/A,3.103448276,0.012091589173165664,0.0017979066021843353,83.69565217436988,36,Indigo,False,controlled
LM1.5,1320,2.74,18.63,40.11,9.95,10.67,12.95,1.79,5.9,0.0,0.0,0.0,0.0,92.21,0.175,7.6,0.02,0.02,105,9,150,Indigo,3.0606,9,2,10,466.36,8.0,12.7,40,11.0,0,N/A,4.032183908,0.010346293830206955,0.0013031221941733173,78.81642512254953,37,Indigo,False,controlled
LM1.5,1320,2.74,18.63,40.11,9.95,10.67,12.95,1.79,5.9,0.0,0.0,0.0,0.0,92.21,0.175,7.6,0.02,0.02,105,9,150,Indigo,3.0606,9,2,10,466.36,8.0,12.7,50,11.0,0,N/A,7.711494253,0.00602360160288287,0.0005142688133364452,59.48671497811691,38,Indigo,False,controlled
LM1.5,1320,2.74,18.63,40.11,9.95,10.67,12.95,1.79,5.9,0.0,0.0,0.0,0.0,92.21,0.175,7.6,0.02,0.02,105,9,150,Indigo,3.0606,9,2,10,466.36,8.0,12.7,60,11.0,0,N/A,11.99172414,0.003080236396643264,0.00020569741577180546,36.999999993695646,39,Indigo,False,controlled
LM1.5,1320,2.74,18.63,40.11,9.95,10.67,12.95,1.79,5.9,0.0,0.0,0.0,0.0,92.21,0.175,7.6,0.02,0.02,105,9,150,Indigo,3.0606,9,2,10,466.36,8.0,12.7,80,11.0,0,N/A,12.58942529,0.0027559667832145083,0.00017930341056125306,33.859903372546384,40,Indigo,False,controlled
LM1.5,1320,2.74,18.63,40.11,9.95,10.67,12.95,1.79,5.9,0.0,0.0,0.0,0.0,92.21,0.175,7.6,0.02,0.02,105,9,150,Indigo,3.0606,9,2,10,466.36,8.0,12.7,100,11.0,0,N/A,15.52643678,0.0013580536440659893,7.913363925167227e-05,18.429951705186237,41,Indigo,False,controlled
LM2,1320,2.66,14.52,33.0,9.03,10.08,13.13,3.0,17.24,0.0,0.0,0.0,0.0,19.54,0.0956,18.98,0.02,0.02,105,9,150,Indigo,3.0606,9,2,10,466.36,8.0,12.7,20,5.0,0,N/A,10.26528736,0.004116561147527479,0.0002991963541990446,46.07004829376304,42,Indigo,False,controlled
LM2,1320,2.66,14.52,33.0,9.03,10.08,13.13,3.0,17.24,0.0,0.0,0.0,0.0,19.54,0.0956,18.98,0.02,0.02,105,9,150,Indigo,3.0606,9,2,10,466.36,8.0,12.7,20,7.0,0,N/A,8.817398851,0.005130168697952866,0.00040583933232745425,53.67670893832053,43,Indigo,False,controlled
LM2,1320,2.66,14.52,33.0,9.03,10.08,13.13,3.0,17.24,0.0,0.0,0.0,0.0,19.54,0.0956,18.98,0.02,0.02,105,9,150,Indigo,3.0606,9,2,10,466.36,8.0,12.7,20,9.0,0,N/A,7.481609195,0.006225362096620658,0.0005408323518597097,60.69444444940619,44,Indigo,False,controlled
LM2,1320,2.66,14.52,33.0,9.03,10.08,13.13,3.0,17.24,0.0,0.0,0.0,0.0,19.54,0.0956,18.98,0.02,0.02,105,9,210,Indigo,3.0606,9,2,10,466.36,8.0,12.7,20,11.0,0,N/A,2.52308046,0.009622722174315418,0.0016371651234861823,86.74468599009096,45,Indigo,False,controlled
LM2,1320,2.66,14.52,33.0,9.03,10.08,13.13,3.0,17.24,0.0,0.0,0.0,0.0,19.54,0.0956,18.98,0.02,0.02,35,9,210,Indigo,3.0606,9,2,10,466.36,8.0,12.7,20,11.0,0,N/A,6.084,0.005431380199838278,0.0005325205576222981,68.0369565240553,46,Indigo,False,controlled
LM2,1320,2.66,14.52,33.0,9.03,10.08,13.13,3.0,17.24,0.0,0.0,0.0,0.0,19.54,0.0956,18.98,0.02,0.02,70,9,210,Indigo,3.0606,9,2,10,466.36,8.0,12.7,20,11.0,0,N/A,5.412643678,0.005988164656180428,0.0006296017596514915,71.56400966474173,47,Indigo,False,controlled
LM2,1320,2.66,14.52,33.0,9.03,10.08,13.13,3.0,17.24,0.0,0.0,0.0,0.0,19.54,0.0956,18.98,0.02,0.02,105,16,210,Indigo,3.0606,9,2,10,466.36,8.0,12.7,20,11.0,0,N/A,2.344827586,0.009971620672674703,0.0017806397923460615,87.68115942226947,48,Indigo,False,controlled
LM2,1320,2.66,14.52,33.0,9.03,10.08,13.13,3.0,17.24,0.0,0.0,0.0,0.0,19.54,0.0956,18.98,0.02,0.02,105,23,210,Indigo,3.0606,9,2,10,466.36,8.0,12.7,20,11.0,0,N/A,2.982850575,0.008825584782258098,0.0013462549925764022,84.329227052766,49,Indigo,False,controlled
LM2,1320,2.66,14.52,33.0,9.03,10.08,13.13,3.0,17.24,0.0,0.0,0.0,0.0,19.54,0.0956,18.98,0.02,0.01,105,9,150,Indigo,3.0606,9,2,10,466.36,8.0,12.7,20,11.0,0,N/A,6.205645977,0.007471951314952019,0.0007240489778539848,67.39787439855812,50,Indigo,False,controlled
LM2,1320,2.66,14.52,33.0,9.03,10.08,13.13,3.0,17.24,0.0,0.0,0.0,0.0,19.54,0.0956,18.98,0.02,0.03,105,9,150,Indigo,3.0606,9,2,10,466.36,8.0,12.7,20,11.0,0,N/A,2.072183908,0.014784327581449392,0.0028669761156186187,89.11352657107872,51,Indigo,False,controlled
LM2,1320,2.66,14.52,33.0,9.03,10.08,13.13,3.0,17.24,0.0,0.0,0.0,0.0,19.54,0.0956,18.98,0.02,0.04,105,9,150,Indigo,3.0606,9,2,10,466.36,8.0,12.7,20,11.0,0,N/A,0.583908046,0.023228426535959083,0.01106708128832783,96.93236714985997,52,Indigo,False,controlled
LM2,1320,2.66,14.52,33.0,9.03,10.08,13.13,3.0,17.24,0.0,0.0,0.0,0.0,19.54,0.0956,18.98,0.02,0.05,105,9,150,Indigo,3.0606,9,2,10,466.36,8.0,12.7,20,11.0,0,N/A,1.011494253,0.019565490136096417,0.006240667544216888,94.68599033788509,53,Indigo,False,controlled
LM2,1320,2.66,14.52,33.0,9.03,10.08,13.13,3.0,17.24,0.0,0.0,0.0,0.0,19.54,0.0956,18.98,0.02,0.02,105,9,150,Indigo,3.0606,9,2,10,466.36,8.0,12.7,10,11.0,0,N/A,0.585149425,0.023214268355859668,0.011042859740468336,96.92584541236045,54,Indigo,False,controlled
LM2,1320,2.66,14.52,33.0,9.03,10.08,13.13,3.0,17.24,0.0,0.0,0.0,0.0,19.54,0.0956,18.98,0.02,0.02,105,9,150,Indigo,3.0606,9,2,10,466.36,8.0,12.7,30,11.0,0,N/A,3.460827586,0.011364963127925528,0.001576079977236471,81.81811594443347,55,Indigo,False,controlled
LM2,1320,2.66,14.52,33.0,9.03,10.08,13.13,3.0,17.24,0.0,0.0,0.0,0.0,19.54,0.0956,18.98,0.02,0.02,105,9,150,Indigo,3.0606,9,2,10,466.36,8.0,12.7,40,11.0,0,N/A,4.551724138,0.009538307491653578,0.0011144049187559331,76.08695652310963,56,Indigo,False,controlled
LM2,1320,2.66,14.52,33.0,9.03,10.08,13.13,3.0,17.24,0.0,0.0,0.0,0.0,19.54,0.0956,18.98,0.02,0.02,105,9,150,Indigo,3.0606,9,2,10,466.36,8.0,12.7,50,11.0,0,N/A,9.16445977,0.004872795211385387,0.0003772063161966016,51.853381646604824,57,Indigo,False,controlled
LM2,1320,2.66,14.52,33.0,9.03,10.08,13.13,3.0,17.24,0.0,0.0,0.0,0.0,19.54,0.0956,18.98,0.02,0.02,105,9,150,Indigo,3.0606,9,2,10,466.36,8.0,12.7,60,11.0,0,N/A,12.98551724,0.0025494502559166386,0.00016315091616859513,31.778985519436304,58,Indigo,False,controlled
LM2,1320,2.66,14.52,33.0,9.03,10.08,13.13,3.0,17.24,0.0,0.0,0.0,0.0,19.54,0.0956,18.98,0.02,0.02,105,9,150,Indigo,3.0606,9,2,10,466.36,8.0,12.7,80,11.0,0,N/A,14.60804598,0.0017645316328337634,0.00010612795596606393,23.254830907735155,59,Indigo,False,controlled
LM2,1320,2.66,14.52,33.0,9.03,10.08,13.13,3.0,17.24,0.0,0.0,0.0,0.0,19.54,0.0956,18.98,0.02,0.02,105,9,150,Indigo,3.0606,9,2,10,466.36,8.0,12.7,100,11.0,0,N/A,16.0354023,0.0011430219644305737,6.550522131234161e-05,15.756038647408973,60,Indigo,False,controlled
no catalyst,0,0.0,0.0,0.0,0.0,0.0,0.0,0.0,0.0,0.0,0.0,0.0,0.0,0.0,0.0,0.0,0.1,0.0,105,12,270,Melachite Green,1.3976,2,0,40,364.911,6.9,10.3,10,5.45,0,N/A,9.78,8.239114424933236e-05,8.331439824282347e-06,2.2000000000000064,61,Melachite Green,False,controlled
pure BFO,720,2.6,0.0,31.6,13.1,0.0,0.0,0.0,0.0,55.3,0.0,0.0,0.0,11.2,0.0028,1.15,0.1,0.1,105,12,270,Melachite Green,1.3976,2,0,40,364.911,6.9,10.3,10,5.45,0,N/A,2.79,0.0047279388783732276,0.0009571219965485197,72.1,62,Melachite Green,False,controlled
0.5 wt% Pd-BFO,960,2.28,0.0,31.35,13.0,0.0,0.0,0.0,0.0,55.16,0.0,0.49,0.0,13.4,0.0033,1.48,0.1,0.1,105,12,270,Melachite Green,1.3976,2,0,40,364.911,6.9,10.3,10,5.45,0,N/A,1.93,0.006092833666952783,0.0015486470926885437,80.7,63,Melachite Green,False,controlled
1 wt% Pd-BFO,960,2.2,0.0,29.17,13.99,0.0,0.0,0.0,0.0,55.83,0.0,1.01,0.0,16.7,0.0037,1.82,0.1,0.1,105,12,270,Melachite Green,1.3976,2,0,40,364.911,6.9,10.3,10,5.45,0,N/A,1.47,0.007101195156308891,0.002149155958679768,85.3,64,Melachite Green,False,controlled
2 wt% Pd-BFO,960,2.1,0.0,26.1,16.99,0.0,0.0,0.0,0.0,54.9,0.0,2.01,0.0,22.9,0.0046,2.67,0.1,0.1,105,12,270,Melachite Green,1.3976,2,0,40,364.911,6.9,10.3,10,5.45,0,N/A,0.35,0.012416323027750828,0.010211640211640212,96.50000000000001,65,Melachite Green,False,controlled
3 wt% Pd-BFO,960,2.22,0.0,25.84,16.65,0.0,0.0,0.0,0.0,54.46,0.0,3.05,0.0,19.5,0.0042,2.34,0.1,0.1,105,12,270,Melachite Green,1.3976,2,0,40,364.911,6.9,10.3,10,5.45,0,N/A,0.99,0.008565316403139064,0.0033707444818555934,90.10000000000001,66,Melachite Green,False,controlled
1 wt% Ag-BFO,960,2.5,0.0,28.98,14.99,0.0,0.0,0.0,0.0,55.19,0.84,0.0,0.0,11.9,0.0028,1.27,0.1,0.1,105,12,270,Melachite Green,1.3976,2,0,40,364.911,6.9,10.3,10,5.45,0,N/A,2.55,0.005061080495643374,0.0010820624546114745,74.5,67,Melachite Green,False,controlled
2 wt% Ag-BFO,960,2.45,0.0,31.4,12.5,0.0,0.0,0.0,0.0,54.7,1.4,0.0,0.0,14.6,0.0032,1.44,0.1,0.1,105,12,270,Melachite Green,1.3976,2,0,40,364.911,6.9,10.3,10,5.45,0,N/A,2.12,0.0057450703863337945,0.0013766596785464707,78.8,68,Melachite Green,False,controlled
3 wt% Ag-BFO,960,2.3,0.0,30.89,12.36,0.0,0.0,0.0,0.0,53.98,2.77,0.0,0.0,17.8,0.0039,1.94,0.1,0.1,105,12,270,Melachite Green,1.3976,2,0,40,364.911,6.9,10.3,10,5.45,0,N/A,1.42,0.007229363782892135,0.002237871674491393,85.8,69,Melachite Green,False,controlled
4 wt% Ag-BFO,960,2.53,0.0,30.69,12.02,0.0,0.0,0.0,0.0,53.6,3.69,0.0,0.0,15.1,0.0033,1.81,0.1,0.1,105,12,270,Melachite Green,1.3976,2,0,40,364.911,6.9,10.3,10,5.45,0,N/A,2.66,0.004904662852594215,0.0010219994430520746,73.4,70,Melachite Green,False,controlled
0.25 wt% Pt-BFO,960,2.5,0.0,26.82,17.43,0.0,0.0,0.0,0.0,55.51,0.0,0.0,0.24,13.5,0.003,1.53,0.1,0.1,105,12,270,Melachite Green,1.3976,2,0,40,364.911,6.9,10.3,10,5.45,0,N/A,1.28,0.0076137963520834075,0.002523148148148148,87.20000000000002,71,Melachite Green,False,controlled
0.5 wt% Pt-BFO,960,2.45,0.0,26.75,17.35,0.0,0.0,0.0,0.0,55.4,0.0,0.0,0.5,19.5,0.0039,2.02,0.1,0.1,105,12,270,Melachite Green,1.3976,2,0,40,364.911,6.9,10.3,10,5.45,0,N/A,0.66,0.010067039025761894,0.005241301907968574,93.39999999999999,72,Melachite Green,False,controlled
1 wt% Pt-BFO,960,2.35,0.0,26.52,17.27,0.0,0.0,0.0,0.0,55.2,0.0,0.0,1.01,17.8,0.0035,1.87,0.1,0.1,105,12,270,Melachite Green,1.3976,2,0,40,364.911,6.9,10.3,10,5.45,0,N/A,0.68,0.00995647249557789,0.005076252723311546,93.2,73,Melachite Green,False,controlled
2 wt% Pt-BFO,960,2.3,0.0,26.1,17.0,0.0,0.0,0.0,0.0,54.9,0.0,0.0,2.0,16.4,0.0034,1.81,0.1,0.1,105,12,270,Melachite Green,1.3976,2,0,40,364.911,6.9,10.3,10,5.45,0,N/A,0.66,0.010067039025761894,0.005241301907968574,93.39999999999999,74,Melachite Green,False,controlled
2 wt% Pd-BFO,960,2.1,0.0,26.1,16.99,0.0,0.0,0.0,0.0,54.9,0.0,2.01,0.0,22.9,0.0046,2.67,0.1,0.1,0,12,270,Melachite Green,1.3976,2,0,40,364.911,6.9,10.3,10,5.45,0,N/A,8.05,0.0008033814872724949,8.97170462387853e-05,19.499999999999993,75,Melachite Green,False,controlled
2 wt% Pd-BFO,960,2.1,0.0,26.1,16.99,0.0,0.0,0.0,0.0,54.9,0.0,2.01,0.0,22.9,0.0046,2.67,0.1,0.1,25,12,270,Melachite Green,1.3976,2,0,40,364.911,6.9,10.3,10,5.45,0,N/A,4.48,0.002973933505804266,0.00045634920634920627,55.199999999999996,76,Melachite Green,False,controlled
2 wt% Pd-BFO,960,2.1,0.0,26.1,16.99,0.0,0.0,0.0,0.0,54.9,0.0,2.01,0.0,22.9,0.0046,2.67,0.1,0.1,55,12,270,Melachite Green,1.3976,2,0,40,364.911,6.9,10.3,10,5.45,0,N/A,3.3,0.004106157868598559,0.0007519640852974187,67.0,77,Melachite Green,False,controlled
2 wt% Pd-BFO,960,2.1,0.0,26.1,16.99,0.0,0.0,0.0,0.0,54.9,0.0,2.01,0.0,22.9,0.0046,2.67,0.1,0.05,105,12,270,Melachite Green,1.3976,2,0,40,364.911,6.9,10.3,10,5.45,0,N/A,3.87,0.0035160392072309454,0.0005866590104316201,61.3,78,Melachite Green,False,controlled
2 wt% Pd-BFO,960,2.1,0.0,26.1,16.99,0.0,0.0,0.0,0.0,54.9,0.0,2.01,0.0,22.9,0.0046,2.67,0.1,0.15,105,12,270,Melachite Green,1.3976,2,0,40,364.911,6.9,10.3,10,5.45,0,N/A,0.0,inf,inf,100.0,79,Melachite Green,False,controlled
2 wt% Pd-BFO,960,2.1,0.0,26.1,16.99,0.0,0.0,0.0,0.0,54.9,0.0,2.01,0.0,22.9,0.0046,2.67,0.1,0.2,105,12,270,Melachite Green,1.3976,2,0,40,364.911,6.9,10.3,10,5.45,0,N/A,0.68,0.00995647249557789,0.005076252723311546,93.2,80,Melachite Green,False,controlled
2 wt% Pd-BFO,960,2.1,0.0,26.1,16.99,0.0,0.0,0.0,0.0,54.9,0.0,2.01,0.0,22.9,0.0046,2.67,0.1,0.25,105,12,270,Melachite Green,1.3976,2,0,40,364.911,6.9,10.3,10,5.45,0,N/A,1.28,0.0076137963520834075,0.002523148148148148,87.20000000000002,81,Melachite Green,False,controlled
2 wt% Pd-BFO,960,2.1,0.0,26.1,16.99,0.0,0.0,0.0,0.0,54.9,0.0,2.01,0.0,22.9,0.0046,2.67,0.1,0.15,105,12,270,Melachite Green,1.3976,2,0,40,364.911,6.9,10.3,5,5.45,0,N/A,0.0,inf,inf,100.0,82,Melachite Green,False,controlled
2 wt% Pd-BFO,960,2.1,0.0,26.1,16.99,0.0,0.0,0.0,0.0,54.9,0.0,2.01,0.0,22.9,0.0046,2.67,0.1,0.15,105,12,270,Melachite Green,1.3976,2,0,40,364.911,6.9,10.3,20,5.45,0,N/A,3.85,0.006102441204645548,0.0007768157768157768,80.74999999999999,83,Melachite Green,False,controlled
2 wt% Pd-BFO,960,2.1,0.0,26.1,16.99,0.0,0.0,0.0,0.0,54.9,0.0,2.01,0.0,22.9,0.0046,2.67,0.1,0.15,105,12,270,Melachite Green,1.3976,2,0,40,364.911,6.9,10.3,40,5.45,0,N/A,23.09,0.0020351104842501193,6.781033957300738e-05,42.275,84,Melachite Green,False,controlled
2 wt% Pd-BFO,960,2.1,0.0,26.1,16.99,0.0,0.0,0.0,0.0,54.9,0.0,2.01,0.0,22.9,0.0046,2.67,0.1,0.15,105,12,270,Melachite Green,1.3976,2,0,40,364.911,6.9,10.3,80,5.45,0,N/A,64.22,0.0008137479481944953,1.137582615315409e-05,19.725,85,Melachite Green,False,controlled
2 wt% Pd-BFO,960,2.1,0.0,26.1,16.99,0.0,0.0,0.0,0.0,54.9,0.0,2.01,0.0,22.9,0.0046,2.67,0.1,0.15,105,12,270,Melachite Green,1.3976,2,0,40,364.911,6.9,10.3,5,3.0,0,N/A,0.9,0.006351105289229358,0.0033744855967078194,82.0,86,Melachite Green,False,controlled
2 wt% Pd-BFO,960,2.1,0.0,26.1,16.99,0.0,0.0,0.0,0.0,54.9,0.0,2.01,0.0,22.9,0.0046,2.67,0.1,0.15,105,12,270,Melachite Green,1.3976,2,0,40,364.911,6.9,10.3,5,5.0,0,N/A,0.0,inf,inf,100.0,87,Melachite Green,False,controlled
2 wt% Pd-BFO,960,2.1,0.0,26.1,16.99,0.0,0.0,0.0,0.0,54.9,0.0,2.01,0.0,22.9,0.0046,2.67,0.1,0.15,105,12,270,Melachite Green,1.3976,2,0,40,364.911,6.9,10.3,5,7.0,0,N/A,0.0,inf,inf,100.0,88,Melachite Green,False,controlled
2 wt% Pd-BFO,960,2.1,0.0,26.1,16.99,0.0,0.0,0.0,0.0,54.9,0.0,2.01,0.0,22.9,0.0046,2.67,0.1,0.15,105,12,270,Melachite Green,1.3976,2,0,40,364.911,6.9,10.3,5,9.0,0,N/A,0.15,0.012987251471555487,0.023950617283950617,97.0,89,Melachite Green,False,controlled
2 wt% Pd-BFO,960,2.1,0.0,26.1,16.99,0.0,0.0,0.0,0.0,54.9,0.0,2.01,0.0,22.9,0.0046,2.67,0.1,0.15,105,12,270,Melachite Green,1.3976,2,0,40,364.911,6.9,10.3,5,7.0,2,N/A,0.0,inf,inf,100.0,90,Melachite Green,True,matrix-stressed
2 wt% Pd-BFO,960,2.1,0.0,26.1,16.99,0.0,0.0,0.0,0.0,54.9,0.0,2.01,0.0,22.9,0.0046,2.67,0.1,0.15,105,12,270,Melachite Green,1.3976,2,0,40,364.911,6.9,10.3,5,7.0,5,N/A,0.0,inf,inf,100.0,91,Melachite Green,True,matrix-stressed
2 wt% Pd-BFO,960,2.1,0.0,26.1,16.99,0.0,0.0,0.0,0.0,54.9,0.0,2.01,0.0,22.9,0.0046,2.67,0.1,0.15,105,12,270,Melachite Green,1.3976,2,0,40,364.911,6.9,10.3,5,7.0,7,N/A,0.0,inf,inf,100.0,92,Melachite Green,True,matrix-stressed
2 wt% Pd-BFO,960,2.1,0.0,26.1,16.99,0.0,0.0,0.0,0.0,54.9,0.0,2.01,0.0,22.9,0.0046,2.67,0.1,0.15,105,12,270,Melachite Green,1.3976,2,0,40,364.911,6.9,10.3,5,7.0,10,N/A,0.45,0.008918317069081007,0.007489711934156379,90.99999999999999,93,Melachite Green,True,matrix-stressed
2 wt% Pd-BFO,960,2.1,0.0,26.1,16.99,0.0,0.0,0.0,0.0,54.9,0.0,2.01,0.0,22.9,0.0046,2.67,0.1,0.15,105,12,270,Melachite Green,1.3976,2,0,40,364.911,6.9,10.3,5,7.0,0,NaCl,1.79,0.0038045270095608767,0.00132836747361887,64.2,94,Melachite Green,True,matrix-stressed
2 wt% Pd-BFO,960,2.1,0.0,26.1,16.99,0.0,0.0,0.0,0.0,54.9,0.0,2.01,0.0,22.9,0.0046,2.67,0.1,0.15,105,12,270,Melachite Green,1.3976,2,0,40,364.911,6.9,10.3,5,7.0,0,Na2SO4,0.0,inf,inf,100.0,95,Melachite Green,True,matrix-stressed
2 wt% Pd-BFO,960,2.1,0.0,26.1,16.99,0.0,0.0,0.0,0.0,54.9,0.0,2.01,0.0,22.9,0.0046,2.67,0.1,0.15,105,12,270,Melachite Green,1.3976,2,0,40,364.911,6.9,10.3,5,7.0,0,NaCO3,0.0,inf,inf,100.0,96,Melachite Green,True,matrix-stressed
2 wt% Pd-BFO,960,2.1,0.0,26.1,16.99,0.0,0.0,0.0,0.0,54.9,0.0,2.01,0.0,22.9,0.0046,2.67,0.1,0.15,105,12,270,Melachite Green,1.3976,2,0,40,364.911,6.9,10.3,5,7.0,0,NaHCO3,0.0,inf,inf,100.0,97,Melachite Green,True,matrix-stressed
2 wt% Pd-BFO,960,2.1,0.0,26.1,16.99,0.0,0.0,0.0,0.0,54.9,0.0,2.01,0.0,22.9,0.0046,2.67,0.1,0.15,105,12,270,Melachite Green,1.3976,2,0,40,364.911,6.9,10.3,5,7.0,0,Na2HPO4,1.05,0.005780176845424698,0.002786596119929453,79.0,98,Melachite Green,True,matrix-stressed
