_input_signature,n_rows,target_unique,target_min,target_max,target_spread
21663042305783391,1,1,19.48302488,19.48302488,0.0
43217044575312378,3,3,16.42549742,17.63529515,1.2097977300000018
51231179829925974,1,1,92.93061391,92.93061391,0.0
70681744174730829,3,3,6.810144963,6.844815173,0.03467020999999981
76829921428503916,1,1,120.8167404,120.8167404,0.0
86144657109185607,1,1,16.3763204,16.3763204,0.0
87092131921711988,3,3,64.04310868,67.78911762,3.746008939999996
95817833491593826,3,3,56.72166793,69.67945751,12.957789580000004
160904994430030632,3,3,11.17892784,11.75416393,0.5752360900000006
171073794159675185,3,3,0.778078419,0.974804688,0.196726269
179340578251984848,1,1,14.57548436,14.57548436,0.0
191357271387646750,3,3,24.04506195,25.70405757,1.658995619999999
214489569330710424,3,3,70.50262639,145.5371278,75.03450141
218479712443237629,3,3,1.184830872,1.359982754,0.17515188199999998
225040084999860926,15,15,5.47608242,181.433822,175.95773957999998
226352991503636996,3,3,13.18527063,15.6226145,2.4373438699999994
258951804533649290,3,3,7.923506761,8.186441763,0.26293500199999986
271021551376951870,3,3,62.44209028,66.30728963,3.8651993499999975
273233521355252905,3,3,4.797574325,4.988139105,0.19056477999999988
274986128340747113,3,3,186.6214355,190.0229041,3.4014686000000154
295427787878208187,1,1,10.43542352,10.43542352,0.0
319468021867760320,1,1,93.63013996,93.63013996,0.0
329814341262190588,15,14,17.95777678,19.81225409,1.85447731
335119549853506142,3,3,15.95611864,16.53122985,0.5751112099999993
358042751749756487,3,3,2.959825717,3.203392165,0.2435664479999997
396780677770352598,3,3,129.2360257,130.2866693,1.0506436000000008
416113312277554450,1,1,19.4769526,19.4769526,0.0
422962214735009048,3,3,65.44376377,68.47525955,3.03149578
444607345130435793,3,3,3.278573746,3.414630239,0.1360564929999999
446328556523201111,3,3,130.5675555,131.7447333,1.1771778000000097
448869715081788645,3,2,7.257365685,7.618428654,0.3610629689999998
450672438474594467,1,1,168.0657647,168.0657647,0.0
470412453618795009,3,2,53.33333333,66.66666667,13.333333339999996
477985032669267579,3,3,27.24166187,27.50556873,0.26390685999999874
481849111985806454,3,3,1.831797888,1.901043293,0.06924540499999998
482394137443692837,1,1,15.84269309,15.84269309,0.0
487517800222060385,3,3,7.785650813,8.196000416,0.41034960300000023
493397566369541585,3,3,32.83361534,34.7145383,1.8809229599999995
494444688020442545,11,4,20.88888889,65.33333333,44.44444444
511374947235614880,3,3,12.0583655,12.18863804,0.13027254
515935265218775533,3,3,404.3344731,428.2806544,23.946181299999978
515999279121281285,3,3,13.81204213,15.59497995,1.7829378200000008
532790910543730727,3,3,74.91688182,87.5872493,12.670367479999996
536823301962413804,1,1,10.33676866,10.33676866,0.0
545046568759867788,3,3,7.772727273,8.141762452,0.36903517899999994
549570047000783062,1,1,161.4962941,161.4962941,0.0
573048783801505426,3,3,8.191134491,8.258715633,0.06758114199999987
576957810032157515,1,1,53.62517173,53.62517173,0.0
582766726270403589,2,2,44.3942021,93.6377077,49.243505600000006
599381209477399324,3,3,65.8862209,84.43127563,18.545054730000004
664633524360232258,3,3,163.4125302,183.2949256,19.882395400000007
665404155957715216,3,3,173.8138417,183.1226947,9.308853
667116808852431888,3,3,0.363227257,0.926413431,0.5631861739999999
671441796495690393,3,3,31.39962214,36.08398645,4.684364309999996
717800057698209228,3,3,14.5572457,18.45817055,3.900924849999999
741865231698718314,3,3,2.899564677,3.832400498,0.9328358210000003
745282393733214055,3,3,26.97497101,27.18703634,0.21206532999999794
756346644715971971,2,2,1.131532081,1.140544089,0.009012008000000016
776204904542655447,3,3,17.36381929,19.45713927,2.0933199800000004
779431730458366838,1,1,101.0382003,101.0382003,0.0
798606921766426585,2,2,6.294471812,6.362889984,0.06841817199999944
845630297325434456,3,1,53.33333333,53.33333333,0.0
852043111923116922,3,3,151.4639055,159.3441062,7.880200699999989
857291316126879820,3,3,3.815025377,4.041356091,0.22633071399999993
870809365627718684,3,3,21.19296471,22.40377048,1.2108057700000003
885365105127333810,3,3,344.1461312,349.0089047,4.862773500000003
899458601566528766,3,3,193.9705997,194.233822,0.26322229999999536
909323058553581409,3,3,17.47684845,21.9569327,4.480084250000001
919380948240731149,3,3,66.96535995,67.02130006,0.05594010999999455
929370640592197456,1,1,87.79267887,87.79267887,0.0
929678609892177337,2,2,1.979206713,2.224186404,0.24497969100000017
948275424414011875,9,9,6.889439478,7.806553361,0.9171138829999999
962552806549531811,3,3,123.7077217,125.1954623,1.4877406000000093
969838696704097738,3,3,4.145693512,4.5651566,0.41946308799999965
972169340502199595,3,3,236.0124778,250.8498015,14.837323700000013
1002991668870794336,3,3,19.32013209,20.16106497,0.8409328800000004
1004080232524795647,1,1,49.82836384,49.82836384,0.0
1008114096097864608,3,3,12.99450491,13.18946912,0.1949642100000002
1009208769736388725,2,2,163.4521926,169.4965645,6.044371900000016
1047462354771481853,9,6,14.60245983,15.86299447,1.2605346399999995
1076753422912446536,1,1,18.67298457,18.67298457,0.0
1131363245509232367,3,3,9.800176287,10.2127546,0.4125783130000009
1177173978187697386,1,1,67.63037879,67.63037879,0.0
1179880397936398560,3,3,450.0513001,478.126205,28.074904900000035
1184333014513324777,3,3,18.66003392,20.06424633,1.4042124099999995
1199526145674483820,3,3,49.70736239,50.92006946,1.2127070700000004
1204153542566563531,1,1,113.8856342,113.8856342,0.0
1214539223634647286,3,1,0.0,0.0,0.0
1215250801037100964,1,1,84.16060869,84.16060869,0.0
1215973723376915305,3,3,192.9613763,193.2557458,0.29436949999998774
1220702087704620008,3,3,1.627016569,1.931087873,0.30407130400000004
1249904749956654510,3,2,10.91016939,10.96086744,0.050698049999999384
1264357638971132335,3,3,22.15713695,22.56252039,0.4053834399999978
1268458492521082915,3,3,1.956224434,2.179534491,0.22331005700000017
1288203274122541784,1,1,13.97192193,13.97192193,0.0
1300237600870332219,3,3,157.862969,158.8919507,1.0289817000000028
1309509411171930483,3,3,19.40928321,19.89751091,0.4882276999999995
1320219283924172994,3,3,90.8839765,100.211,9.327023499999996
1321739968319666973,3,3,195.1639636,195.3558263,0.1918627000000015
1327007414464515819,3,3,56.8931016,60.73199747,3.8388958700000018
1337225022978830365,3,3,7.028374561,9.126171231,2.097796670000001
1339196494779022373,3,3,16.93469605,17.19657186,0.2618758099999994
1349321994110591645,1,1,14.46074795,14.46074795,0.0
1372247388430120506,3,3,192.1029685,192.5726855,0.4697170000000028
1427241728245223834,3,1,93.33333333,93.33333333,0.0
1434047947901245121,1,1,19.44918292,19.44918292,0.0
1448967503783819399,2,2,213.3333333,217.7777778,4.444444500000003
1464976994540711640,12,12,1.216063501,1.854752198,0.6386886969999999
1466547227564275352,3,3,74.03400617,78.99168829,4.957682120000001
1489291946431679761,3,3,39.78564456,39.83920447,0.053559909999997046
1490316425837309541,3,3,10.23679976,10.7922356,0.5554358399999995
1493938708650295700,3,3,7.663942597,7.982073602,0.3181310049999997
1502419750140885639,3,3,85.28836766,94.50644728,9.218079619999997
1505112194037230266,3,3,8.376048462,8.830382106,0.4543336440000001
1514574243803737969,3,3,5.895645029,6.306491372,0.4108463430000002
1545384963025979106,3,3,3.940398394,4.708946699,0.7685483050000004
1547353342600074885,1,1,7.287614281,7.287614281,0.0
1551655804826946544,3,3,137.6983484,159.1299781,21.431629700000002
1552924646859635109,3,3,14.76476548,16.20769305,1.4429275700000002
1556186754524544729,1,1,0.507295893,0.507295893,0.0
1574452326010875085,3,3,18.81558832,19.01567403,0.20008570999999975
1574703652461694556,1,1,180.1544292,180.1544292,0.0
1576926578540372023,3,3,3.242835596,3.996983409,0.7541478129999999
1577968485420020185,3,1,-13.33333333,-13.33333333,0.0
1581374153419788761,3,3,16.77141363,19.62219661,2.850782979999998
1609166413684491409,3,3,43.67701439,48.67242878,4.9954143900000005
1619834012639716208,3,3,15.8389702,17.47197491,1.6330047099999998
1645622453866976568,2,2,186.6666667,200.0,13.333333299999993
1650889088386385537,3,3,30.04723014,30.41984211,0.37261197000000124
1675133001511950511,1,1,74.03291653,74.03291653,0.0
1679362861371580711,3,3,55.95778911,68.07346008,12.115670970000004
1719341260972599938,2,2,2.232704297,2.293646681,0.06094238399999963
1724365474698390524,1,1,175.7228754,175.7228754,0.0
1735923447435509734,1,1,72.42641101,72.42641101,0.0
1754411915273910336,1,1,102.8983275,102.8983275,0.0
1770146112707379281,3,3,6.584644427,6.981791439,0.39714701200000047
1787412344397427871,3,3,61.97952194,63.52805071,1.5485287700000043
1825449701767930527,3,3,88.93581999,92.14540113,3.2095811399999974
1883178398849806838,3,3,19.07444155,19.50206661,0.42762506000000045
1896293482781350241,3,3,17.13795872,17.14715443,0.00919571000000019
1901889965020219711,3,3,19.38305426,19.88608896,0.5030346999999971
1909360719025211134,3,3,8.207968238,8.266155831,0.058187593000001314
1938230782418544334,3,2,6.890467535,6.931230695,0.04076316000000002
1941269387759743092,3,3,65.48719801,68.87466402,3.387466009999997
1962750076639572076,3,3,4.257767549,5.120828539,0.8630609899999993
1973144803701592767,3,3,73.19550477,75.21676107,2.0212563000000046
1981786639708089072,3,1,80.0,80.0,0.0
1995009559977092554,3,1,43.11111111,43.11111111,0.0
1999714481116409640,3,3,4.574496465,5.251414811,0.6769183459999999
2002571831407912686,3,3,433.193205,436.7515011,3.558296100000007
2051404940871207638,3,1,0.0,0.0,0.0
2069203419941843580,3,3,18.11727062,18.76610449,0.6488338700000007
2108073335184034877,3,3,0.796727086,1.252548869,0.455821783
2118038893511881000,6,6,186.4946966,194.2473483,7.752651700000001
2146937911011982219,1,1,283.5847298,283.5847298,0.0
2198341659602545558,3,3,12.90003153,14.02907098,1.1290394500000005
2206398365798600355,1,1,39.15753762,39.15753762,0.0
2236800564703252766,3,3,14.03559174,14.08006203,0.044470290000001356
2242448943054842107,6,6,11.97023615,190.4950134,178.52477725
2248819945368084540,3,3,116.9747358,117.9958845,1.0211486999999977
2251970015060094952,3,1,43.11111111,43.11111111,0.0
2252381393071083279,3,3,31.13520634,49.61273339,18.477527050000003
2261804137356399296,3,3,7.695051756,7.786507409,0.09145565300000058
2282926465134815844,3,3,7.932680739,8.109733024,0.17705228500000025
2287600958452803254,3,3,87.9129504,89.95132179,2.0383713899999947
2288984687875381655,1,1,19.95246725,19.95246725,0.0
2297815242621890584,11,4,13.33333333,124.4444444,111.11111106999999
2301213766101142728,3,1,80.0,80.0,0.0
2323689733775044776,1,1,17.56795014,17.56795014,0.0
2343311235237317016,1,1,171.9494308,171.9494308,0.0
2414806908442931602,3,3,-4.460093897,8.450704225,12.910798122000001
2431818629244494460,3,3,19.55528942,21.70321579,2.1479263700000004
2447727095168689428,3,3,7.389467848,8.987423448,1.5979555999999997
2449213475515588283,3,3,18.23650334,19.83425456,1.5977512200000028
2461942620734296822,3,3,17.50382046,18.66494549,1.161125030000001
2474326131178015563,3,3,19.94258789,21.44326035,1.5006724600000005
2475666081309423509,3,3,62.754432,63.24195191,0.48751990999999606
2505532420871944950,3,3,13.43921134,15.82928416,2.3900728200000003
2521957002364849440,3,3,3.318250377,3.770739065,0.45248868799999986
2544031260383911655,3,3,15.96855157,16.63284153,0.6642899599999996
2563352624076585179,3,3,71.28733183,81.71630042,10.428968589999997
2569984335539275158,3,3,17.62224125,18.6333192,1.0110779500000007
2578680852540600114,3,3,52.44425916,56.35596047,3.911701309999998
2580541194873097651,3,3,4.545281951,4.748247245,0.20296529400000018
2580999763399047658,3,3,1.538366845,1.793916216,0.25554937099999986
2584546082314433009,3,3,17.52528219,17.8964212,0.37113901000000027
2595060637020033654,1,1,39.27874998,39.27874998,0.0
2595660021893871690,3,3,74.97520177,80.51766544,5.542463670000004
2646228309901749104,3,3,209.5747119,209.6289378,0.0542258999999774
2649861701642323137,1,1,82.09281317,82.09281317,0.0
2652962853593975380,3,3,20.32294361,28.99528866,8.67234505
2662130452805109752,3,3,6.561085973,7.239819005,0.6787330320000002
2667632035415158299,2,2,129.037037,132.0,2.962963000000002
2668580680610455902,3,3,43.19083437,46.13236896,2.9415345900000034
2672374027077130753,3,3,463.6083823,476.1932364,12.584854099999973
2686686752959241466,3,3,17.78627366,18.85325762,1.0669839600000017
2708808185253147564,1,1,67.41271065,67.41271065,0.0
2710841480198608547,3,3,21.05839926,22.98985061,1.9314513499999997
2729053111285095571,3,3,77.44539262,81.07953739,3.634144769999992
2732671838928315417,3,3,18.68203594,18.82188377,0.13984783000000078
2737956070999224279,1,1,75.32259884,75.32259884,0.0
2739195672437475990,3,1,25.33333333,25.33333333,0.0
2745138070681387378,12,7,3.092006033,5.170421722,2.0784156890000003
2752320980736777346,3,3,17.2079492,17.73525566,0.5273064599999984
2755595898843553677,3,3,17.45698947,17.57339519,0.11640571999999949
2762407257095640823,3,3,40.29400243,40.58961248,0.2956100500000005
2784202534729119265,1,1,190.4999175,190.4999175,0.0
2792764066210024791,1,1,156.9202649,156.9202649,0.0
2798174891480595346,1,1,0.207527902,0.207527902,0.0
2803428163462501515,3,3,1.549744637,1.884174805,0.3344301679999999
2813183925010472850,3,3,192.8318947,193.3709997,0.5391050000000064
2813337390772277759,3,3,15.94875858,16.40482093,0.45606234999999984
2817257800432307936,3,1,74.22222222,74.22222222,0.0
2828512855804384036,9,9,9.419443701,17.18068893,7.761245228999998
2830930473354615875,3,3,10.89898892,11.13110785,0.2321189299999986
2866400206678128043,3,3,352.6359279,354.8886548,2.2527268999999706
2870718948475246841,1,1,87.27229207,87.27229207,0.0
2892051548520492425,3,3,81.07539783,83.48408389,2.4086860599999937
2925648367909055584,1,1,45.27717986,45.27717986,0.0
2927233624632432593,2,2,243.1111111,256.4444444,13.333333300000021
2933139064934329804,3,3,12.36202461,14.1277375,1.7657128899999996
2940048913095698858,3,3,17.86408069,18.24303648,0.3789557899999991
2953754821836637274,3,3,18.75769655,19.04592536,0.28822880999999967
2959221655209890065,3,3,5.778767683,7.011052739,1.2322850560000003
3016108467998859332,3,3,92.93395168,100.7224628,7.7885111199999955
3044970565392297777,3,1,0.0,0.0,0.0
3049006844620542258,3,3,70.07074155,82.94139049,12.87064894000001
3064529035676864285,3,3,12.29775635,12.70842075,0.41066439999999993
3081341714813847843,3,3,377.9008665,382.2687513,4.367884800000013
3084970582318850517,2,2,200.0,204.4444444,4.444444400000009
3099091790055441418,3,3,64.28113937,64.28994126,0.008801890000000867
3099453566957061241,3,3,28.7036564,33.19975597,4.496099569999998
3170997665547060262,3,3,22.18234085,23.35669831,1.1743574599999995
3172057053019983738,3,3,2.21054835,8.238276317,6.027727967000001
3186179037262043716,1,1,53.48944369,53.48944369,0.0
3195573885445634352,3,3,7.799525504,8.392645314,0.5931198099999992
3225294276886561451,3,3,7.219264164,7.540077729,0.3208135649999999
3232850516614781629,3,3,9.734565783,9.783705019,0.049139235999998476
3239608308610899565,3,3,4.635608856,5.0199877,0.38437884399999955
3245412152268164162,3,3,8.735479608,9.980159577,1.2446799689999999
3249913649156960858,3,3,80.48293555,84.01079555,3.527860000000004
3258369349917870607,1,1,15.67648187,15.67648187,0.0
3265139063472826695,3,3,178.7973362,179.2133754,0.41603920000000016
3280576637481085735,3,3,47.76470588,53.95005352,6.185347639999996
3317296554946118451,1,1,74.51919699,74.51919699,0.0
3328137634557139998,3,3,21.26129057,54.39457417,33.1332836
3333735626161020245,3,3,54.33332886,60.65525715,6.321928289999995
3362966868846917119,3,1,93.33333333,93.33333333,0.0
3372112137638680762,3,1,25.33333333,25.33333333,0.0
3377592302538614016,3,1,53.33333333,53.33333333,0.0
3396071663462261947,3,3,73.28729951,74.77360153,1.4863020199999966
3411004748564776420,1,1,3.154317254,3.154317254,0.0
3419474445918775103,2,2,337.1031746,340.8068783,3.7037037000000055
3423130241474166334,1,1,0.971597486,0.971597486,0.0
3433976993469835110,1,1,10.51607903,10.51607903,0.0
3442321568192161606,3,3,16.55979428,18.1102852,1.5504909200000014
3471020195896376932,2,2,186.6666667,191.1111111,4.4444443999999805
3476837075250042538,3,3,34.91330634,37.34024679,2.4269404500000036
3525148225901049574,3,3,6.599643231,6.83101957,0.23137633899999965
3540536502839737235,3,3,224.3642559,229.5904756,5.2262197000000015
3543312481866610080,1,1,43.12425249,43.12425249,0.0
3555680831320761087,3,3,7.019927536,8.152173913,1.1322463770000004
3567363772643946095,3,3,51.27412063,51.40034732,0.12622669000000286
3581469070947697807,3,3,7.90951861,8.099509677,0.18999106700000024
3597310176462258357,1,1,0.583543563,0.583543563,0.0
3607375108955822964,3,3,11.81844252,12.98598251,1.1675399899999999
3610423474978396313,1,1,0.756970452,0.756970452,0.0
3619321008973724267,3,3,15.32748561,18.18831779,2.860832179999999
3625776065687735235,3,3,76.01534144,77.5479481,1.532606659999999
3626679836655073239,3,3,30.20277913,33.10328715,2.90050802
3639308252509468722,1,1,92.86366991,92.86366991,0.0
3641806862773358511,1,1,18.34161523,18.34161523,0.0
3654120116730440945,1,1,6.294471812,6.294471812,0.0
3656096480025640062,3,3,12.98038465,13.56097592,0.5805912700000011
3661460638293703265,1,1,76.81159533,76.81159533,0.0
3661506406695586623,1,1,51.15141779,51.15141779,0.0
3673412737775618899,1,1,58.69017588,58.69017588,0.0
3681363947390771324,2,2,89.13040646,122.33232,33.20191353999999
3711581686983402663,3,1,38.66666667,38.66666667,0.0
3713179060534583340,3,3,19.35772106,20.27383188,0.9161108200000001
3735963963119871307,3,3,5.276775074,6.199442038,0.9226669640000003
3756902283419188653,3,3,8.180660073,8.700179581,0.5195195080000001
3777436004150854088,3,3,1.202111593,1.463445938,0.2613343450000001
3790332834202311929,3,3,18.05516827,18.9880682,0.9328999300000014
3805779553248948725,3,3,20.65031669,23.96885596,3.3185392699999987
3825282184374800422,1,1,0.194920312,0.194920312,0.0
3827097178602094969,1,1,59.03248805,59.03248805,0.0
3844158192553614737,1,1,16.54598831,16.54598831,0.0
3844729615975385922,3,3,1.615138512,2.567743814,0.952605302
3853671056979919144,1,1,138.6551677,138.6551677,0.0
3861496676312990239,3,2,9.265683724,9.482509396,0.2168256719999988
3871291834956015220,3,3,2.453882584,2.641405885,0.18752330100000014
3871708175211330081,11,5,43.11111111,96.44444444,53.333333329999995
3899225761780662487,3,3,15.16597837,15.65621335,0.4902349800000003
3900014019888937979,1,1,71.93564073,71.93564073,0.0
3907017987546331420,9,9,7.308918444,8.048285856,0.739367412
3912119786576835457,3,3,142.2055534,145.0135566,2.8080031999999733
3926410718330234365,3,3,69.80109888,79.65647002,9.855371140000003
3952382003531286984,3,1,90.27777778,90.27777778,0.0
3988610212697559040,3,3,174.0739176,174.5851161,0.5111985000000061
3989955081928709176,3,3,146.7093181,146.8294117,0.12009360000001834
4024643699089491103,2,2,1.869918264,2.112798569,0.24288030500000013
4025050983213198466,3,3,8.237967246,8.279527543,0.04156029700000019
4071952786420779155,3,3,18.64785339,19.2556858,0.6078324099999968
4079174506986504862,2,2,173.3333333,186.6666667,13.333333400000015
4080628655074361530,3,3,0.983344502,1.480982773,0.497638271
4083583832134547610,3,1,29.77777778,29.77777778,0.0
4097433552957510200,3,1,0.0,0.0,0.0
4110917234554053486,2,2,19.70493702,19.8258386,0.12090158000000173
4146691656961448715,3,3,2.270630673,2.450240596,0.17960992300000012
4148735206806841230,3,3,5.197240399,5.598474554,0.40123415500000004
4150032038491825458,1,1,117.1773667,117.1773667,0.0
4160767716773963609,1,1,135.9472298,135.9472298,0.0
4167504767039083720,1,1,16.92112006,16.92112006,0.0
4187943329359161438,3,3,11.05039208,17.38398811,6.333596030000001
4187993870315199862,3,3,11.36373002,11.63193861,0.2682085900000004
4194593071474876456,3,3,149.605412,187.9339624,38.32855040000001
4200786981586363771,3,3,201.8586533,201.9397104,0.08105710000000954
4230070745459176222,3,3,3.097035794,4.075782998,0.9787472040000003
4257590620893720876,3,3,193.813883,194.0032193,0.1893363000000079
4269381488393867591,3,3,16.95660744,17.26220161,0.30559417000000266
4311500795241802593,3,3,14.2443325,14.409635,0.16530249999999924
4312049738884130310,3,3,15.4005895,16.47240086,1.0718113599999999
4341522045272601392,3,3,10.63086752,11.82417439,1.193306869999999
4363513300429220332,3,3,-5.648089437,-3.809202928,1.8388865090000004
4368985939101191104,3,3,4.353663214,4.929037208,0.5753739939999996
4370339394921718160,3,1,102.9761905,102.9761905,0.0
4377742985042091809,3,3,19.06029413,19.50217246,0.44187833000000154
4387957623427694230,3,3,187.2347575,187.9663685,0.7316109999999867
4408982043603750659,1,1,84.26549728,84.26549728,0.0
4448723687589381179,3,1,80.0,80.0,0.0
4455110848701685405,1,1,8.911372581,8.911372581,0.0
4490330750661756965,1,1,84.17656172,84.17656172,0.0
4494402526469929530,3,3,32.76586402,35.63724864,2.8713846200000006
4518868808205230175,3,3,13.89840004,14.73778637,0.83938633
4524389091767680065,2,2,367.5555556,372.0,4.444444400000009
4524893244796007263,3,3,5.982029114,7.074168616,1.0921395019999993
4535148713564086590,3,3,7.53819146,7.950845672,0.41265421199999963
4543053897758384877,3,3,3.955597038,4.815232254,0.8596352159999996
4545727045363007368,3,3,12.04380819,12.74307277,0.6992645799999995
4566891459070429949,3,1,69.77777778,69.77777778,0.0
4574388838173876122,1,1,67.18646996,67.18646996,0.0
4583925825110961144,3,3,109.7997234,110.4110604,0.6113369999999918
4591244663461338669,3,3,146.6800263,148.0781714,1.3981450999999936
4598834392589598810,2,2,89.27649899,123.2316499,33.95515091
4600021553235445050,3,3,162.5861981,163.298682,0.7124839000000236
4601601497501002282,3,3,61.30115402,66.37257513,5.071421110000003
4638699997237969674,3,3,2.946462353,3.513999243,0.5675368900000004
4659234226800065611,3,3,16.56039561,17.04850761,0.488112000000001
4685062341137994735,3,3,148.4531924,167.5159495,19.0627571
4686674380554140105,3,1,0.0,0.0,0.0
4698714479479078593,1,1,19.87734947,19.87734947,0.0
4700898519002577649,3,3,1.72327512,1.872390304,0.149115184
4706177355981326037,1,1,15.1857729,15.1857729,0.0
4721804204376788222,3,3,9.954219313,10.09805265,0.14383333700000023
4733252306193672524,3,3,12.18296359,12.73262884,0.5496652500000003
4733785294277631876,3,1,99.4047619,99.4047619,0.0
4816457085212577481,3,3,12.41688349,12.70598439,0.28910089999999933
4822197759693870872,1,1,93.48029528,93.48029528,0.0
4845104700447170443,2,2,200.1984127,200.5952381,0.3968253999999831
4855520275444175689,3,3,71.61551895,78.75705497,7.141536020000004
4876135090601352030,1,1,11.61615371,11.61615371,0.0
4884650902774039844,1,1,14.89924318,14.89924318,0.0
4889261279964453815,3,1,34.22222222,34.22222222,0.0
4895819444019586868,3,3,11.86329721,12.05603937,0.19274215999999988
4896586367922840538,3,1,104.9603175,104.9603175,0.0
4897001784181599097,1,1,7.936658108,7.936658108,0.0
4899721569429885888,1,1,171.9164435,171.9164435,0.0
4910732537836469457,3,3,15.13954573,15.62052281,0.4809770800000006
4926417256999546223,2,2,1.265818421,1.505763786,0.23994536499999986
4926704663018204312,3,3,5.574057928,5.620091293,0.04603336499999955
4931435827792869169,1,1,141.3356576,141.3356576,0.0
4935185791825215751,3,3,193.5455536,193.5705499,0.024996299999997973
4955113764694054183,9,6,173.2751979,195.1656634,21.890465500000005
4961853403790193108,6,6,162.1743219,165.2096369,3.035314999999997
5007058798041566714,3,3,-3.173692302,-0.230390886,2.943301416
5016250197719449952,3,3,6.443440153,7.059709669,0.616269516
5019839325687096608,3,3,174.0053716,174.2914821,0.2861105000000066
5041461343230810689,3,3,17.75035759,23.38208637,5.6317287799999995
5045934070433293708,1,1,58.81354316,58.81354316,0.0
5063045211398234170,1,1,0.926541403,0.926541403,0.0
5081100663667087079,1,1,14.86529667,14.86529667,0.0
5082441950943365012,1,1,11.14137971,11.14137971,0.0
5113294100529843790,3,3,170.8240072,171.2623181,0.4383108999999763
5113528091090536490,1,1,96.89526426,96.89526426,0.0
5139731073244339061,3,3,113.8391975,114.8913954,1.052197899999996
5153969114014493471,3,2,106.1507937,106.547619,0.39682530000000327
5167056066190340216,3,3,2.875950345,3.156218502,0.2802681570000001
5173616787622213918,1,1,0.515747353,0.515747353,0.0
5188305640107864880,3,1,87.55555556,87.55555556,0.0
5202510071170023157,1,1,1.03302993,1.03302993,0.0
5211249702059785790,3,3,166.7869987,167.7576491,0.9706504000000109
5217975499825798009,1,1,4.975333508,4.975333508,0.0
5227174343604349669,1,1,16.78103695,16.78103695,0.0
5234732998463637097,3,1,82.34126984,82.34126984,0.0
5243697189417312221,3,3,6.358064686,6.882746709,0.5246820230000004
5245461172282193578,3,1,0.0,0.0,0.0
5256351471210846831,3,1,93.33333333,93.33333333,0.0
5272687121662048829,2,2,19.28123057,19.92327389,0.6420433199999991
5274733365413069900,3,3,14.45701563,16.23676012,1.7797444899999988
5290555006896039165,3,3,69.24782798,86.91503319,17.667205210000006
5300177448612401242,1,1,7.785965408,7.785965408,0.0
5308418285433619053,3,3,19.21990789,19.43018153,0.21027363999999693
5352559836577404585,3,3,61.55100389,65.31376465,3.762760759999999
5353729134214559074,3,3,45.76124182,50.15044871,4.389206889999997
5356653380886760083,3,3,16.18248773,18.22831424,2.0458265100000013
5358541406901829371,3,3,57.01790046,59.72442377,2.7065233100000015
5362075308266986343,3,3,187.2880648,190.3648594,3.0767945999999995
5389074033231998554,1,1,68.08262528,68.08262528,0.0
5389311718729204388,3,3,16.97461954,18.90069247,1.9260729300000001
5394955516107110419,3,3,7.687793427,8.568075117,0.8802816899999995
5401092152217355674,1,1,8.837587035,8.837587035,0.0
5416937588040697047,1,1,19.89471432,19.89471432,0.0
5438282376099404640,3,2,103.7698413,110.1851852,6.4153439000000105
5455317057129671173,3,3,196.5819526,196.6755278,0.09357520000000363
5455985072048474668,3,2,14.9079345,14.98975188,0.08181738000000038
5476090641586445271,1,1,47.95678621,47.95678621,0.0
5490575014487290340,3,3,0.558429491,0.895870652,0.3374411610000001
5495061956169528345,3,3,11.66522544,14.77465043,3.109424989999999
5514219354175734125,3,3,67.67584838,76.74217107,9.066322689999993
5520675060689407449,3,3,17.22987444,19.52119949,2.291325050000001
5529335227407568016,2,2,212.1031746,228.3730159,16.269841300000024
5541933350374393212,3,3,70.47311206,86.63204392,16.158931859999996
5543347822095267594,3,1,111.7063492,111.7063492,0.0
5553631421604866212,1,1,10.13072927,10.13072927,0.0
5591679018687253782,1,1,15.10557605,15.10557605,0.0
5600556245362649938,3,3,103.4994497,123.7457944,20.246344699999995
5612886107461592952,3,1,47.55555556,47.55555556,0.0
5638615342311838916,9,9,8.942045773,15.91908157,6.977035796999999
5659113258764809437,1,1,98.86986382,98.86986382,0.0
5668056298461632675,1,1,114.2630456,114.2630456,0.0
5669688408529266354,3,3,4.959779152,6.273473763,1.3136946109999998
5681782559771866676,1,1,92.3968578,92.3968578,0.0
5693877029664461953,3,3,6.797452036,8.046455819,1.249003783
5694641682026370163,3,1,53.33333333,53.33333333,0.0
5695756172950845704,3,3,4.170015042,4.291521548,0.12150650600000024
5705504609996045539,1,1,68.52578289,68.52578289,0.0
5712957424560820859,3,3,65.41093002,68.46201489,3.051084870000011
5733254180865877589,12,12,-0.987251244,4.653802497,5.641053741
5754173497885832945,3,3,16.01277116,16.06426716,0.05149600000000021
5759522579916954172,3,3,180.8482088,183.0986829,2.250474099999991
5764508268286414455,2,2,88.98431394,122.3850267,33.40071275999999
5779428412404506123,3,3,7.67529087,7.755681199,0.0803903289999992
5790935824270287343,3,3,85.40079642,87.28293335,1.8821369299999873
5798363041341444377,3,3,1.615439324,1.791048924,0.17560960000000003
5833298892870569093,3,3,11.48347675,11.76336265,0.2798859
5854617717337756324,3,3,19.40648446,21.0142015,1.6077170399999972
5878389526016249720,1,1,17.8554984,17.8554984,0.0
5908909458331431679,3,3,18.56975373,19.63671168,1.0669579500000026
5915602667216130136,3,3,16.10170206,19.56068145,3.4589793899999997
5922478929605969520,1,1,128.8235347,128.8235347,0.0
5943568599215469316,3,3,23.7300518,38.40415102,14.674099220000002
5948951389096726370,3,3,72.58487273,80.96391749,8.37904476
5952405699304458727,1,1,174.7657365,174.7657365,0.0
5956810155342918248,1,1,18.78655457,18.78655457,0.0
5974707393229480271,9,9,189.6377936,194.7548501,5.11705649999999
5976292064867976036,3,3,8.459437051,8.528661749,0.06922469799999931
5981541925235720617,3,3,76.26832785,86.9904383,10.722110449999988
6003517218166565196,3,3,9.220293899,9.364250887,0.14395698800000112
6008478156415646104,3,3,13.14966225,16.05197851,2.902316260000001
6013514587014568581,1,1,16.53267674,16.53267674,0.0
6018886123328251204,1,1,50.82752023,50.82752023,0.0
6019283830254017005,3,3,14.08022309,16.53391716,2.453694070000001
6023530469711918669,3,3,75.48732358,82.46581214,6.978488560000002
6078271663094356772,1,1,97.44497906,97.44497906,0.0
6091352380723401300,3,3,11.57300645,11.95050514,0.37749869000000125
6092783274922072069,1,1,93.32551195,93.32551195,0.0
6095630501031745419,1,1,15.81989281,15.81989281,0.0
6097695069554408769,3,3,14.19637736,16.79774074,2.6013633799999987
6103338949465297208,3,3,21.52557736,21.68543269,0.15985532999999919
6104056546037753352,1,1,18.17547271,18.17547271,0.0
6120790585774403988,3,3,1.37187575,1.487112532,0.11523678199999998
6123685197643967073,1,1,87.22656324,87.22656324,0.0
6138360871993594151,1,1,18.6463515,18.6463515,0.0
6158590622828355347,1,1,8.627250552,8.627250552,0.0
6181113834059337319,12,12,10.33315012,19.88889575,9.555745629999999
6190370585095405739,3,1,106.6666667,106.6666667,0.0
6194712352110633020,3,3,18.81060415,20.04201107,1.2314069200000013
6206971621561388548,3,3,15.2772873,15.61468035,0.3373930500000011
6207816174458819064,3,3,10.37613877,10.48902828,0.1128895099999987
6227497803072774388,3,3,4.449472097,4.751131222,0.3016591249999996
6260261985190404920,3,3,52.79813938,54.40193413,1.6037947499999987
6263373633398562268,1,1,48.10068417,48.10068417,0.0
6278694175271680070,1,1,18.44515428,18.44515428,0.0
6279799715671586744,3,3,18.59850869,19.19136433,0.5928556399999998
6280546985017538186,3,3,82.32420485,83.15424445,0.8300395999999921
6287178923231251155,1,1,8.049611273,8.049611273,0.0
6288762701156006317,3,3,17.06721067,18.04660166,0.9793909899999989
6298265626084442018,1,1,5.078730146,5.078730146,0.0
6331843631812788299,1,1,87.10479473,87.10479473,0.0
6364795859048062958,3,1,56.44444444,56.44444444,0.0
6365747880929110975,3,3,179.9988294,180.3059412,0.30711180000000127
6367525107792975672,1,1,93.46404925,93.46404925,0.0
6368835899477449943,3,3,3.27992769,3.848888943,0.5689612529999999
6404022829139725021,1,1,8.008088962,8.008088962,0.0
6444973719997526114,2,2,1.67250184,1.699023346,0.026521505999999917
6457541454058739085,3,3,7.493137362,7.807959127,0.3148217650000005
6464020509438489009,1,1,137.131909,137.131909,0.0
6471829483205013290,3,3,59.7152636,64.75980268,5.044539080000007
6475163611164689832,3,3,53.01416986,56.09547445,3.081304589999995
6491441977806365708,1,1,137.2566947,137.2566947,0.0
6511593190447705510,3,3,12.46967186,16.53966652,4.069994660000001
6516365370166950917,3,3,13.74149843,14.62355038,0.8820519499999993
6517302312888157700,3,3,97.91715597,102.5098633,4.59270733000001
6519590476496403668,3,3,6.854286497,7.19665845,0.3423719529999998
6525715953273260978,3,3,68.53641667,89.11830469,20.581888020000008
6533244449914575515,3,3,6.376911091,6.619183613,0.2422725219999995
6536290938282073975,1,1,19.83660619,19.83660619,0.0
6580296881576907808,3,3,9.664551044,11.2352859,1.5707348559999996
6622726109694478891,3,3,4.393494324,4.482392671,0.08889834700000065
6626193490020143849,1,1,76.17312963,76.17312963,0.0
6648755328613141350,6,3,16.09025196,17.04351047,0.9532585100000013
6649734107257574144,3,1,0.0,0.0,0.0
6656132308774143980,1,1,4.233829072,4.233829072,0.0
6666141799625721275,12,12,1.503021529,2.329974509,0.82695298
6689010159124441123,3,3,1.669313121,3.189909524,1.5205964029999999
6691119715977342795,1,1,99.48483597,99.48483597,0.0
6713191676710569189,3,3,9.101318843,12.43301172,3.331692877
6729119051242813472,3,2,5.530371714,5.681474766,0.15110305199999985
6739050191320737237,6,6,6.653055984,186.9089745,180.255918516
6749783341304500955,1,1,39.40399982,39.40399982,0.0
6751492380456087949,3,3,24.01527331,25.75696677,1.741693459999997
6767561828512103332,3,3,15.74952702,16.13857247,0.38904544999999935
6790189810633164919,3,3,209.8996637,210.0079138,0.10825010000002067
6812290224175752247,3,3,166.6781714,167.1173431,0.43917170000000283
6815405159900674860,3,3,71.94475539,72.98782961,1.0430742200000083
6817732348770230722,3,3,2.151808277,2.23641147,0.08460319299999997
6827103232613768791,3,3,175.015169,181.8659906,6.8508216000000175
6835349482723548687,1,1,15.65756507,15.65756507,0.0
6881680342154719082,3,3,2.568082535,3.761693523,1.193610988
6883722841605844702,1,1,118.2224187,118.2224187,0.0
6889870731539656663,3,3,59.71139653,60.42469479,0.7132982599999949
6925483197734149592,3,3,19.27168576,24.18166939,4.909983629999999
6954273839202685423,12,12,12.65633048,19.90051617,7.24418569
6957204742701140519,1,1,99.51006075,99.51006075,0.0
6965201756653657737,3,3,2.896103116,3.053604688,0.15750157200000015
6982030516250217062,3,3,16.98447647,17.08480711,0.10033063999999925
6983919466467850169,1,1,4.293002886,4.293002886,0.0
6984963297195200845,3,3,16.70610679,19.58892806,2.882821270000001
7003531289417328151,3,1,75.1984127,75.1984127,0.0
7005060955217620126,3,1,0.0,0.0,0.0
7007229758270957084,3,3,7.796661042,7.905858065,0.10919702300000012
7054960043939344563,3,3,6.444681394,6.571970625,0.12728923099999978
7070640037739440319,9,9,167.1365714,185.2729541,18.136382699999984
7072553200284629348,3,3,66.7194092,76.26578251,9.546373309999993
7086304982263032628,3,3,19.400341,19.93675244,0.5364114399999984
7095824398396669559,3,3,1.805134177,2.294340097,0.48920592000000007
7131974856841213364,3,3,14.52163191,16.29215422,1.7705223100000005
7140885989460122234,3,3,58.29815148,65.04069084,6.742539359999995
7141086523461716140,1,1,16.34091101,16.34091101,0.0
7144467312271500850,3,3,114.0533226,119.2448837,5.191561100000001
7156357989100352967,3,3,69.49042799,82.311239,12.82081101
7160425035341295589,1,1,49.64386769,49.64386769,0.0
7173516202336137934,1,1,16.02200584,16.02200584,0.0
7175254655374090038,3,3,10.09924658,10.24529262,0.14604603999999988
7190918633054368776,11,5,26.66666667,146.6666667,120.00000003000001
7223928982610386437,1,1,95.8938909,95.8938909,0.0
7236922260448317948,3,3,13.28344987,14.60039013,1.316940259999999
7247950363722653228,3,3,38.94481637,43.70587709,4.761060720000003
7257597977143232674,3,3,3.896522634,4.255738764,0.3592161300000001
7275707346924174984,3,3,17.45913042,17.74987855,0.2907481299999972
7280493372433106610,12,12,65.45124426,88.38450936,22.9332651
7305112965598724702,3,3,1.811256219,3.443718905,1.632462686
7305893485603059794,3,3,1.293848387,2.169350082,0.8755016949999999
7336096169869531707,3,1,0.0,0.0,0.0
7347658609669238027,1,1,7.045113173,7.045113173,0.0
7354268281024501913,3,3,90.21811488,94.9381605,4.720045619999993
7403410541775052995,2,2,162.6669494,170.2373468,7.570397400000019
7404151809339923628,3,3,7.861621836,8.025433251,0.16381141500000052
7422585745775326891,2,2,183.8518519,189.7777778,5.9259258999999815
7433009693820879975,1,1,16.49009198,16.49009198,0.0
7437260343620301219,1,1,10.38490383,10.38490383,0.0
7439356660872997760,3,3,37.61648521,38.28960079,0.673115580000001
7454731212362866075,3,3,4.247311828,4.784946237,0.5376344089999998
7488030854535663797,1,1,90.96086617,90.96086617,0.0
7507108714903484910,3,3,15.39739887,15.83799632,0.4405974500000003
7540805926745282588,1,1,334.1620854,334.1620854,0.0
7541925338719544901,3,3,14.04083677,15.59655081,1.5557140399999998
7562884450302427597,1,1,0.195862681,0.195862681,0.0
7568016021271599136,3,3,7.860923077,8.009377667,0.14845459000000094
7603751292881397173,3,3,97.69569189,103.6557078,5.960015909999996
7621792564541492219,2,2,132.3412698,149.4047619,17.06349210000002
7623663256071977511,1,1,93.44543259,93.44543259,0.0
7683251488601931557,3,3,2.479428793,2.515690394,0.03626160100000009
7708639079549094677,3,3,21.20227226,22.21896259,1.0166903299999994
7750022648225972821,3,3,59.67691688,65.04401101,5.367094130000005
7757649415160392368,1,1,20.0,20.0,0.0
7766796438832489567,3,3,12.45251776,12.50075862,0.04824085999999994
7769201706190826728,3,3,16.7772968,18.68587546,1.9085786599999999
7789025839597976552,1,1,290.3263091,290.3263091,0.0
7842270102361143986,3,3,29.22589012,30.22259475,0.99670463
7853680181652163053,3,3,265.9695332,267.7647505,1.7952172999999902
7866667715872317828,3,3,1.124193535,1.243191378,0.11899784299999983
7883242795825421102,1,1,14.34597314,14.34597314,0.0
7891471248965532175,3,3,0.420052877,0.528180185,0.10812730799999998
7893682637923985895,3,3,57.47609937,60.9910978,3.5149984299999986
7898402698807786650,1,1,3.895826741,3.895826741,0.0
7904152821749908962,1,1,4.418922683,4.418922683,0.0
7905011583216626660,3,3,65.40576534,71.45819663,6.052431290000001
7906523010888670204,3,3,5.713204692,5.996973137,0.28376844500000065
7915427757894587926,6,6,3.444663377,177.6582773,174.213613923
7940094813253752973,3,3,180.9908678,181.5827039,0.5918361000000232
7946539527667164083,3,3,10.44754859,11.39609682,0.9485482300000001
7970877424709175138,3,1,109.3253968,109.3253968,0.0
7977060853338463678,3,1,0.0,0.0,0.0
7996446782005424040,3,3,17.12069276,18.80482542,1.6841326599999995
8005611472313024958,1,1,15.19106237,15.19106237,0.0
8006265885768032399,3,3,1.590490683,1.956679068,0.36618838499999984
8046438986524366503,3,1,85.51587302,85.51587302,0.0
8071337951507918520,3,3,480.1872121,484.0543037,3.8670915999999806
8084509985462848130,3,3,0.716479767,1.233998736,0.5175189689999999
8103127225620985295,3,3,175.6996757,181.6170003,5.917324600000001
8103589382965414533,1,1,74.02945504,74.02945504,0.0
8121807144770155004,3,3,96.23415619,97.14627944,0.9121232500000076
8132899750145070855,3,3,59.25733972,61.17099034,1.9136506200000056
8138945238617595290,3,3,78.16933865,92.57221471,14.402876059999997
8151556881255310897,3,3,1.026253189,1.594056556,0.567803367
8164814042597486158,2,2,120.0,186.6666667,66.66666670000001
8167244983032605455,3,3,122.6074751,124.7812784,2.173803300000003
8181753403025536020,3,1,0.0,0.0,0.0
8203542750957706445,3,3,18.48122865,18.86617267,0.3849440200000025
8207580887461735843,1,1,120.3421183,120.3421183,0.0
8208949164701929664,3,3,203.9759404,204.1071398,0.13119939999998564
8241638206402773692,3,3,18.0627422,20.63939062,2.5766484200000015
8241896323355349481,3,3,196.8837718,197.0053971,0.12162530000000515
8245831038090298452,3,3,6.831905452,7.427395506,0.5954900539999999
8252210126259319087,11,5,92.65873016,102.1825397,9.523809540000002
8262232296297066029,3,3,16.92608947,17.06843912,0.14234964999999988
8271192641393380643,3,3,65.98984246,74.63207993,8.642237469999998
8277735782492451337,1,1,17.37899384,17.37899384,0.0
8298542245752811947,3,3,0.986855015,1.250337745,0.26348273
8308049933844639761,3,3,3.553883065,3.691918241,0.13803517600000026
8312523554580501017,3,2,91.07142857,98.33333333,7.261904760000007
8326948522611645300,2,1,385.3333333,385.3333333,0.0
8334183993629011667,3,3,56.27196368,56.95426883,0.6823051499999977
8357402017867544718,3,3,1.653304533,2.094153741,0.44084920799999994
8367360792300508040,1,1,17.65314567,17.65314567,0.0
8373899818906124747,3,3,180.7380892,195.9498078,15.211718600000012
8376366651586821495,3,3,0.619450346,0.908120587,0.28867024099999994
8412694732156882734,3,3,1.924521404,2.272317268,0.34779586400000007
8439597342387524008,1,1,40.66758525,40.66758525,0.0
8453574395239298091,3,3,6.452740492,6.872203579,0.41946308699999957
8479093453805449874,1,1,74.12788052,74.12788052,0.0
8555258989136366725,2,2,1.895538804,2.400468016,0.504929212
8567182030491281453,3,3,14.31978416,15.20350938,0.8837252200000005
8579724259648889229,3,3,2.598294305,2.959670425,0.3613761200000001
8607231739404609168,3,3,6.854286497,7.059709669,0.2054231719999997
8618839857729206769,1,1,74.36009827,74.36009827,0.0
8619013912121469110,3,3,16.54503374,17.4701882,0.9251544599999981
8630554630461256095,3,3,0.807796037,0.889637767,0.08184172999999995
8650115492532836579,3,3,6.473626616,6.508500378,0.03487376200000014
8735380676737306261,3,2,3.394706559,3.58649789,0.19179133100000012
8743948845105463602,3,2,1.56581741,3.158174098,1.592356688
8788554188202958118,3,3,10.58154292,11.2915256,0.7099826799999995
8791253579198486592,3,3,36.53411647,38.30854905,1.7744325800000027
8802075076774159687,1,1,17.59547284,17.59547284,0.0
8813084517996741460,1,1,126.2564842,126.2564842,0.0
8832988373718421113,3,1,52.0,52.0,0.0
8837797650235256778,3,3,12.03668317,21.26001474,9.22333157
8846697663071374487,3,3,13.71840145,14.29069707,0.5722956200000002
8851402207740138500,3,3,192.573243,194.0740099,1.5007669000000021
8857524016488363495,3,3,120.6217415,122.7672855,2.145544000000001
8860467251718062619,3,3,15.63188068,16.21561322,0.5837325400000015
8874093562518707494,11,11,17.15964368,19.9911617,2.8315180200000007
8876425884102751494,3,3,18.82603185,19.49389418,0.667862330000002
8883391426004463471,3,3,9.705691803,16.57064698,6.864955176999999
8890090195100576576,1,1,141.5691201,141.5691201,0.0
8890193441200262223,3,3,0.677268966,0.937027992,0.259759026
8903882434599420702,3,3,-2.410183094,14.81027564,17.220458734
8910712751277851660,3,3,20.03728362,20.89192188,0.8546382600000015
8913128908572063278,1,1,43.38708889,43.38708889,0.0
8923281706793618176,3,3,3.780689599,4.966060795,1.1853711959999997
8931620375977256851,3,3,15.50238795,17.66002374,2.1576357900000005
8932379767257874051,3,3,22.15686424,26.72069675,4.5638325099999975
8961801212487542066,3,3,4.307603354,5.030355594,0.7227522400000002
8967210610406948114,12,12,84.7324625,107.8474291,23.114966600000002
8973503642251044448,3,3,48.58470016,49.82859055,1.2438903900000042
8983482310911285779,2,2,19.83745008,19.8540463,0.016596220000000272
8985821796001814677,3,3,4.524886878,4.807692308,0.2828054299999998
8995168798703410498,3,1,0.0,0.0,0.0
9019527066193875832,9,9,8.610568838,15.62052281,7.009953972
9064788324070605109,2,2,148.2962963,149.7777778,1.481481500000001
9073084972282701478,3,3,18.43122544,18.92580495,0.4945795100000012
9097176519545948481,12,12,16.17991533,19.96206222,3.78214689
9111157463278467600,3,3,1.705746244,1.7818403,0.07609405600000008
9153488855957792255,3,3,171.8781326,182.5054114,10.627278800000028
9194609709325732842,3,3,26.28262086,26.44147084,0.1588499799999994
9214597997492623055,3,3,21.43355883,23.13488345,1.7013246200000012
9217257676294177556,3,3,18.15509679,18.67084533,0.515748539999997
9224422275890222124,3,3,2.100049736,2.345969673,0.24591993700000003
9237742509021016646,1,1,129.0585333,129.0585333,0.0
9273002584874128174,3,1,5.887681159,5.887681159,0.0
9329510865556569266,3,3,4.137323944,5.017605634,0.8802816899999995
9344190058510335910,6,5,4.826546003,5.957767722,1.131221719
9380390742843942442,3,3,187.931394,188.4467664,0.5153723999999897
9384042087008354723,3,3,126.5686302,130.4112894,3.8426591999999857
9393633767651503122,3,2,78.75721877,88.3660156,9.608796830000003
9425011224497631941,3,3,13.14374855,13.31827406,0.1745255100000005
9447403498116937155,3,3,14.26012179,16.29213298,2.032011190000002
9458265099261401006,3,3,11.05039208,17.38398811,6.333596030000001
9459397314061460827,3,3,17.29894192,17.34628015,0.047338229999997594
9461285733210899604,3,3,94.77490347,96.01002052,1.2351170499999995
9461897269348770173,1,1,167.5559621,167.5559621,0.0
9462464067946150286,2,2,346.2301587,354.5634921,8.333333400000015
9468869826129473579,3,1,111.7063492,111.7063492,0.0
9471353462145092340,3,3,8.942045773,15.91908157,6.977035796999999
9474745240547278997,1,1,171.8834563,171.8834563,0.0
9509935860096299422,2,2,43.11946067,94.40823784,51.288777169999996
9550736382359440617,3,3,11.30946322,12.73188661,1.4224233900000005
9555868836137843982,2,2,18.61753366,18.62548836,0.007954699999999093
9572373622612409547,12,12,6.601716663,16.42549742,9.823780756999998
9574813678571250787,1,1,154.6242052,154.6242052,0.0
9591994285362170109,1,1,48.00012109,48.00012109,0.0
9594760728869441334,1,1,14.17726437,14.17726437,0.0
9608873068191408344,3,3,76.62904474,82.95070272,6.321657979999998
9622706826193284964,3,3,57.39604365,60.90753564,3.511491989999996
9630602491408957811,1,1,69.69692224,69.69692224,0.0
9634413510874778580,3,3,167.515083,194.3002695,26.78518650000001
9639798785239397438,3,3,194.7861504,195.1589929,0.3728424999999902
9668824926012497761,3,3,3.278425473,3.596615269,0.31818979599999997
9705382765169801304,1,1,91.21306091,91.21306091,0.0
9713413644219092578,3,3,11.23884556,11.30873611,0.06989055000000022
9743332161890580353,3,3,4.449472097,4.67571644,0.2262443430000003
9750239826985509562,3,3,13.13405198,14.12241044,0.9883584599999988
9758693426870392352,3,1,0.0,0.0,0.0
9763024518987940014,3,3,14.17123024,16.639833,2.4686027599999996
9782494289855406605,3,3,-0.987251244,3.910136816,4.89738806
9793559269653105742,1,1,87.99172478,87.99172478,0.0
9799808736612183566,1,1,14.82828315,14.82828315,0.0
9827919334788379886,1,1,16.14072683,16.14072683,0.0
9833688337626098060,3,3,9.985992591,10.59394137,0.6079487789999991
9867554238704943759,3,3,196.6378371,196.7515299,0.11369279999999549
9909382999312167477,1,1,11.17021081,11.17021081,0.0
9944425905992210418,11,11,0.609891931,2.295010614,1.6851186830000002
10005146382352975235,3,3,13.44035157,14.30606078,0.8657092099999986
10013374977060052941,3,3,517.4911788,536.3388486,18.847669800000062
10020431318658832484,3,3,15.0670193,15.9875931,0.9205737999999997
10025690242954060533,1,1,11.94164888,11.94164888,0.0
10033279995600285430,3,3,15.66194843,18.97656266,3.3146142299999983
10035148974128667207,1,1,18.62695681,18.62695681,0.0
10042961065640289498,3,3,46.15610954,47.88461023,1.728500689999997
10046490394613748672,3,3,15.33829291,19.2994678,3.961174889999999
10068641914275566227,3,3,11.87384977,11.99411846,0.12026868999999962
10081020607862337644,3,1,92.65873016,92.65873016,0.0
10087744159834544517,3,3,242.6313591,256.5606528,13.929293700000017
10095480628131707324,1,1,71.60230075,71.60230075,0.0
10112251151466469973,3,3,8.192087345,8.266155831,0.0740684860000016
10116214362749667766,3,3,69.16279858,81.93718853,12.77438995
10123833082742385210,1,1,141.1664153,141.1664153,0.0
10135693571581433359,3,3,9.050813116,16.02997071,6.979157594
10138799616507209566,1,1,0.868089129,0.868089129,0.0
10156592379599036619,3,3,18.52927591,18.70738744,0.17811153000000246
10158343563720824836,3,3,17.11759259,17.29052451,0.1729319199999999
10160655538335327135,3,3,5.966387749,5.992194333,0.025806583999999688
10165590335124184326,3,2,6.306491372,6.511914544,0.2054231719999997
10172007293263539523,1,1,67.85301669,67.85301669,0.0
10174438633931554189,3,3,-10.87495686,-9.978648589,0.8963082709999988
10186754778024999518,3,3,6.709334277,8.52158781,1.8122535329999998
10187874104981352173,6,6,122.33232,130.0791101,7.746790100000013
10201040771566695109,1,1,15.5423278,15.5423278,0.0
10214953978975615041,3,1,40.0,40.0,0.0
10226279914783887957,1,1,286.9405099,286.9405099,0.0
10232576217305363613,1,1,69.52393546,69.52393546,0.0
10242914612736322065,3,3,65.97291703,87.9671812,21.994264169999994
10258638920777917395,3,3,12.73666081,12.94583604,0.2091752299999996
10258904995407672663,3,3,11.66541165,12.52564017,0.8602285200000015
10268120446812960067,3,3,87.18488053,95.19579171,8.010911179999994
10273969113473806313,3,3,3.471174697,4.17487947,0.7037047729999997
10306215739715499595,3,3,6.894537328,6.907455102,0.012917773999999937
10318845259088274007,1,1,16.2806267,16.2806267,0.0
10329680592311342265,1,1,51.79515423,51.79515423,0.0
10330321954825366842,3,3,7.191877547,7.728322913,0.5364453660000006
10338658341479437243,12,12,6.896568699,188.79704,181.900471301
10378666519608773585,3,3,2.228964305,3.113046622,0.8840823170000003
10391467034744232490,1,1,89.04089705,89.04089705,0.0
10424722174915605395,1,1,11.36644534,11.36644534,0.0
10427946335696234203,3,3,92.80229311,114.5396487,21.737355590000007
10437072109577955992,3,3,453.2174035,478.6204463,25.403042800000037
10446930094873696724,3,3,9.419443701,17.18068893,7.761245228999998
10453681621108206680,1,1,65.45124426,65.45124426,0.0
10455380725152883637,3,3,73.12544754,75.37698164,2.2515341000000006
10475975198032467839,3,3,1.578047264,2.277674129,0.6996268650000002
10482184503991161240,3,3,86.43649505,88.60435764,2.1678625899999986
10492819855780410366,12,12,1.547407205,11.8519107,10.304503494999999
10497405928076219967,3,3,1.495842587,1.761796212,0.26595362499999986
10518560760056121119,3,2,6.73238255,6.872203579,0.13982102900000015
10537734644424079080,3,3,8.286626832,8.325696114,0.039069281999999816
10541473202442348931,3,3,15.19564938,17.69259489,2.496945509999998
10547200906881874672,6,6,174.0997342,185.4803703,11.380636100000004
10597844856666516899,1,1,77.07906319,77.07906319,0.0
10602050732938169744,3,3,15.14931274,15.26406076,0.1147480200000004
10603606153137687573,1,1,173.6520923,173.6520923,0.0
10606982039286105870,3,3,1.966728856,2.433146766,0.4664179100000001
10615916952824361109,1,1,0.940014935,0.940014935,0.0
10629141765486226301,3,3,23.65621385,33.88558365,10.2293698
10658327680642255806,3,3,16.60079371,17.09570246,0.4949087499999969
10670496052350020499,3,3,112.2874916,114.0758545,1.7883629000000099
10689374279468405844,1,1,11.88985064,11.88985064,0.0
10691418364509233740,12,12,13.24724723,18.50172859,5.25448136
10701338252587666226,3,3,6.787330317,8.14479638,1.3574660630000004
10726803696403312588,3,3,7.282350372,7.442366253,0.16001588100000053
10743162262469192197,3,3,12.39767385,12.58719647,0.18952261999999997
10743316533365414960,12,12,2.094068136,4.396287011,2.302218875
10757845888731953425,1,1,3.882314477,3.882314477,0.0
10768319170817012279,3,3,48.68641958,51.24790725,2.561487669999998
10796766321469813683,3,3,18.52377223,19.61212501,1.088352780000001
10804459180860165280,1,1,102.5915646,102.5915646,0.0
10810312005825110651,1,1,16.85198093,16.85198093,0.0
10848301345973111576,3,3,24.01063467,25.90913774,1.8985030699999967
10848963407607825291,3,3,10.82426583,12.10520967,1.2809438400000008
10861600691638668355,3,3,115.6095972,116.1012356,0.49163839999999936
10872664682788582276,1,1,48.63196432,48.63196432,0.0
10880365496602827698,1,1,7.032480978,7.032480978,0.0
10928664058777336999,3,3,-0.395842499,0.387664736,0.7835072350000001
10938199474869904691,6,6,6.648057594,186.9341099,180.28605230600002
10951857324102232612,3,3,13.15445537,16.37300889,3.2185535200000004
10992409284873624159,11,7,96.62698413,133.531746,36.90476187
11002985088669920640,1,1,81.10042847,81.10042847,0.0
11004071310869450479,3,3,1.453093033,1.762462767,0.3093697339999999
11008431144893168087,3,3,19.11165505,20.81162372,1.6999686700000005
11023639466359262375,1,1,14.07480272,14.07480272,0.0
11056750420768487743,3,3,12.36337377,15.78198214,3.4186083699999994
11060130621897919519,3,3,107.3614267,117.8334879,10.472061199999999
11072481646475640060,3,3,1.658980699,1.833000707,0.17402000800000006
11077069684822949355,3,3,57.65203782,61.14430844,3.4922706200000064
11080102426792867720,1,1,138.209255,138.209255,0.0
11085320864525770613,1,1,174.7417458,174.7417458,0.0
11124837022988165440,3,3,2.027831358,2.754636078,0.7268047200000001
11132021803117001925,3,3,9.270621388,10.02592407,0.755302682
11185095956123290698,3,1,56.44444444,56.44444444,0.0
11187653991861819706,3,3,16.59469433,16.97876375,0.38406941999999944
11231203699119846904,3,1,65.33333333,65.33333333,0.0
11244992506998715429,3,3,15.08714202,15.22120729,0.13406527000000068
11246765387240227503,1,1,97.85299401,97.85299401,0.0
11263204037931154853,2,2,1.712623574,1.733665736,0.021042162000000086
11268116004064956563,3,3,160.6263072,162.0458985,1.4195912999999791
11271187065598021193,1,1,3.187209857,3.187209857,0.0
11286042402943410773,1,1,0.676437466,0.676437466,0.0
11287251001192722112,2,2,269.6428571,273.6111111,3.9682540000000017
11289930013542957136,1,1,98.90939158,98.90939158,0.0
11301538891675795269,1,1,19.4925228,19.4925228,0.0
11303549779879360788,3,3,2.022219712,2.204473788,0.182254076
11332821892422755296,2,2,1.131532081,1.427188521,0.2956564399999999
11333112981056862966,3,3,16.15732778,16.62925182,0.4719240400000011
11360708515793870783,3,3,7.677495537,7.844227582,0.16673204499999983
11384222668087131602,3,1,100.1984127,100.1984127,0.0
11408580608251775291,3,3,5.812101911,6.608280255,0.7961783440000003
11411369262293059402,3,3,13.47637662,13.98341949,0.5070428699999994
11463466362237138402,3,1,0.0,0.0,0.0
11469103634136059972,3,3,15.84014697,16.43864119,0.5984942199999992
11475152202198812938,3,3,195.8013002,197.4756468,1.674346600000007
11497660485619926441,3,3,3.404707283,3.693048765,0.28834148199999987
11502051642537447096,1,1,19.33232961,19.33232961,0.0
11504996026361433749,3,3,71.02359871,96.49892036,25.475321649999998
11524248769740049993,3,3,1.70145983,1.845499673,0.14403984300000006
11565670498454589908,3,3,57.0220137,57.58250436,0.5604906599999993
11566620391226430941,3,3,3.385194935,3.609395763,0.2242008280000003
11571363323994422393,3,1,0.0,0.0,0.0
11604982947508242419,1,1,174.1969191,174.1969191,0.0
11625030945848269028,3,3,18.92153377,19.09438581,0.17285203999999865
11643009746185956924,3,3,13.12405038,13.23084502,0.10679464000000038
11656733580421236202,1,1,272.2879743,272.2879743,0.0
11657933435705302962,3,3,25.4525239,26.88080243,1.42827853
11667454232700268490,3,3,14.26301072,14.80592567,0.5429149500000001
11683797466154951360,3,3,0.327648474,0.406401777,0.078753303
11705504930960712186,3,3,68.61289647,73.03763275,4.424736280000005
11739223762681930990,3,3,11.19937836,11.4309003,0.2315219399999986
11758709497866201499,1,1,43.35732053,43.35732053,0.0
11759389152912073140,3,3,17.70727138,18.77837208,1.0711006999999988
11762488407744678739,1,1,12.25173465,12.25173465,0.0
11766539236647436943,2,2,259.3253968,265.2777778,5.952381000000003
11766646487813938965,3,2,5.231560892,5.588907947,0.35734705499999997
11787025835843549181,3,3,4.67571644,4.901960784,0.2262443439999995
11790847577502814219,3,3,4.789360394,5.327490775,0.5381303810000002
11806551746278233855,3,3,11.61352616,13.11674895,1.5032227900000006
11819767102380978801,3,3,7.981587185,8.061682931,0.08009574599999958
11837763596678212797,3,3,15.66418759,15.86191907,0.19773148000000162
11851203687420530550,3,3,62.81852335,79.15079906,16.332275709999998
11868060160872618720,3,3,62.2813586,63.06336646,0.7820078600000002
11879926100308664576,1,1,17.37202847,17.37202847,0.0
11883562998057694807,3,1,80.0,80.0,0.0
11925369157470555558,3,3,17.08419969,18.41778639,1.3335867000000015
11951154590216446408,3,3,1.221052632,1.338384654,0.11733202200000004
11951203962836210888,3,3,190.4094318,193.4543834,3.0449516000000187
11971345250686531537,1,1,81.90482149,81.90482149,0.0
11985200381919112411,1,1,17.71615814,17.71615814,0.0
11995497615751760497,3,1,65.33333333,65.33333333,0.0
12027180648520418897,3,3,168.5760905,176.8751278,8.299037300000009
12068268132093545302,3,3,17.852344,18.00454154,0.15219754000000307
12079174347632602273,3,3,69.07685387,73.66875703,4.591903160000001
12087828193813190804,3,3,169.7371547,169.9620473,0.224892600000004
12093534062081831163,1,1,3.711033522,3.711033522,0.0
12111026322542349949,3,3,17.52812362,20.01268507,2.484561450000001
12116383892463645224,3,3,92.75828834,92.79229026,0.03400192000000857
12126843758684408434,3,3,81.30634152,95.71531546,14.408973939999996
12137078173158768853,3,3,147.5322896,150.8043576,3.27206799999999
12138519327154393346,1,1,288.7610965,288.7610965,0.0
12143757583447324994,3,3,187.4285651,193.1199712,5.691406100000023
12146535126227506594,3,3,17.52469326,17.58343935,0.05874608999999964
12147411485588615077,3,3,15.20862662,17.5052159,2.296589279999999
12151806082136265193,3,3,1.337506457,1.475726602,0.13822014500000002
12154644844547083045,1,1,100.2947486,100.2947486,0.0
12199379342522602808,3,3,186.4946966,194.2473483,7.752651700000001
12210244203044246562,1,1,17.94721467,17.94721467,0.0
12213156055718829850,1,1,72.31787103,72.31787103,0.0
12231726839937393981,3,3,80.9599138,88.56343451,7.603520709999998
12237954017561421126,3,3,0.285261659,0.904805057,0.619543398
12243699223279693851,3,3,11.75643087,12.35932476,0.6028938899999989
12272487954109681020,3,3,18.00354555,18.32729764,0.3237520900000028
12299775327561621562,3,3,68.27619918,72.95294034,4.676741159999992
12318706164831193379,3,3,13.20271063,17.72644131,4.523730679999998
12322604916966133495,1,1,119.8674961,119.8674961,0.0
12340287728545257582,2,2,163.5336704,169.1261152,5.592444799999981
12341295020867722114,3,3,71.09255716,76.12357913,5.031021969999998
12344897762132747990,3,2,5.0199877,5.096863469,0.07687576899999993
12388347347517670214,1,1,138.4322113,138.4322113,0.0
12415649059408947823,3,3,22.16852031,25.51613782,3.347617509999999
12429355053059418026,3,3,81.21305296,97.30484165,16.09178869
12435849167375187638,3,3,12.91128056,13.03344842,0.12216785999999935
12442700924080624495,3,1,105.7539683,105.7539683,0.0
12443167361822682259,1,1,57.42823268,57.42823268,0.0
12461525289863837754,2,2,19.9506393,19.96539044,0.014751140000001328
12470637973073326627,3,3,4.629278166,4.838295001,0.2090168349999999
12488922303672438655,3,3,7.951773556,8.1913563,0.23958274400000068
12527200656577218421,3,3,18.62951055,18.88299153,0.25348098000000263
12535940876125186199,3,3,33.46456067,36.60378146,3.139220790000003
12543630162840755506,1,1,70.77128586,70.77128586,0.0
12552377453823545695,3,3,17.03451743,17.12265661,0.08813917999999887
12580475818902798639,3,3,2.558064184,3.141059101,0.5829949170000002
12588539707960640012,3,3,169.4636967,179.0690258,9.605329099999977
12600863597094179904,1,1,175.244306,175.244306,0.0
12604495413700129863,3,2,53.33333333,66.66666667,13.333333339999996
12615330013127249511,3,3,17.37841044,18.27083333,0.8924228899999989
12615432238208671005,3,3,86.86297093,96.55184796,9.68887703
12621296277515089329,6,6,8.136888092,181.9871592,173.85027110800002
12628378825739221659,3,3,4.635608856,5.481242312,0.8456334559999998
12670958450097869881,1,1,85.46103453,85.46103453,0.0
12674212456835948851,3,3,165.6472907,167.0261165,1.3788257999999871
12677758060632403951,3,3,188.7268436,192.6299447,3.903101100000015
12702528775834275408,1,1,333.3972419,333.3972419,0.0
12717743980985706212,6,6,4.784259607,181.9093513,177.125091693
12751024084289299502,3,3,5.273940287,6.352302607,1.07836232
12868618056911045219,3,3,5.679307161,5.917163619,0.23785645800000044
12884691757674746272,1,1,118.8184233,118.8184233,0.0
12894457720673491134,3,3,13.31592006,15.79074975,2.47482969
12897520793021774794,3,2,23.66548043,24.25860024,0.593119810000001
12911595339082294133,3,3,2.785551925,2.82583112,0.0402791950000001
12954864437147827772,3,3,9.220293899,9.475243168,0.2549492690000008
12971290572608913593,1,1,17.49805274,17.49805274,0.0
12974101598079160016,3,3,12.74199402,13.91748345,1.1754894300000007
13006279155902419390,3,3,-1.927172629,1.372742342,3.2999149709999998
13008548751510191596,1,1,67.37306505,67.37306505,0.0
13011635884408028318,1,1,11.11294274,11.11294274,0.0
13016132821430166328,3,3,13.70712017,17.34618867,3.6390685000000005
13020775319250142948,1,1,80.93630144,80.93630144,0.0
13021351069936263588,2,2,283.1111111,292.0,8.888888899999984
13028683860888158425,6,6,2.777777778,5.907668232,3.129890454
13037060468136575704,1,1,14.22476591,14.22476591,0.0
13040442634479143091,3,3,7.274951366,7.300184929,0.02523356300000046
13057034301103641185,3,3,8.012136447,8.059369321,0.047232874000000535
13061633330393772542,1,1,119.4144279,119.4144279,0.0
13062667292130770460,3,3,7.66311753,7.792591644,0.12947411399999975
13069340977486022339,3,3,61.09252857,66.33303778,5.240509209999999
13080753195173083797,3,3,10.2393617,10.75081833,0.5114566299999996
13112993294266144816,3,2,7.032115172,7.516611296,0.48449612399999964
13123095831943736062,1,1,0.567641722,0.567641722,0.0
13152110515515904560,3,3,12.8789047,12.99094798,0.11204327999999997
13180783479481409373,3,3,64.76996759,67.09438738,2.3244197900000074
13196770594572783810,2,2,172.0,176.4444444,4.444444400000009
13215046423171528219,3,3,15.56079012,15.78094106,0.2201509399999999
13220836485745179883,3,3,18.03274397,18.10082532,0.06808134999999993
13242703023455998404,3,3,12.53860132,15.41058911,2.8719877900000004
13244999927062172935,3,3,77.27186751,92.95279609,15.68092858
13251832431809861994,3,3,3.072911723,3.818687122,0.7457753990000002
13255282744427241635,3,3,16.08356083,17.49039366,1.406832829999999
13257390274117832786,3,3,3.416535038,3.523329573,0.10679453499999969
13321375814559557804,1,1,3.913114183,3.913114183,0.0
13323255289318525314,1,1,145.2503699,145.2503699,0.0
13330472071774241408,3,3,27.71417592,27.94579481,0.23161889000000002
13367766883870558010,3,3,1.753878851,2.375557666,0.6216788150000001
13369693133813731389,3,3,32.44727437,35.43016538,2.982891009999996
13397019665152487406,1,1,43.20188576,43.20188576,0.0
13428427879164385114,3,1,0.0,0.0,0.0
13432844105424177844,3,1,80.0,80.0,0.0
13447245047022571407,1,1,96.35233809,96.35233809,0.0
13460432265287287620,3,3,16.04598026,18.64114976,2.595169500000001
13494683973241086598,3,1,29.77777778,29.77777778,0.0
13502903946945625167,1,1,16.23847908,16.23847908,0.0
13519162570024896310,3,3,35.24061223,36.24882552,1.0082132899999934
13537361827154125388,3,3,9.423794448,9.890134019,0.4663395709999989
13581708233989788697,3,3,17.28300922,18.59991618,1.3169069600000007
13602346309456292357,1,1,128.588536,128.588536,0.0
13619735865802207714,1,1,3.209760435,3.209760435,0.0
13641899622687088449,3,3,74.85381983,78.53700907,3.68318923999999
13642797632329783324,3,2,100.9920635,107.5925926,6.600529100000003
13665796460083973393,1,1,3.901626606,3.901626606,0.0
13730983664455822737,3,3,6.970051156,7.041797091,0.07174593500000004
13736103110504564049,1,1,92.91179042,92.91179042,0.0
13741302519261384500,3,2,112.8968254,118.7037037,5.806878300000008
13757288057589394229,3,3,5.429864253,7.692307692,2.262443439
13765390047063166502,3,3,125.8746342,126.1433558,0.2687215999999921
13770704506802718818,3,3,7.184492308,7.210592556,0.02610024799999966
13774846184107381070,3,3,33.810944,47.05126225,13.240318250000001
13776757793733500861,3,3,13.43922985,13.85171043,0.41248058000000043
13795006698287854458,1,1,0.542622455,0.542622455,0.0
13807297029344534322,2,2,243.1111111,260.8888889,17.777777799999996
13812801542056912939,3,3,14.93057607,16.63882129,1.7082452199999985
13815137717855114315,1,1,10.96642112,10.96642112,0.0
13817195775658546547,3,3,12.7960499,12.90454456,0.10849465999999985
13834514112846599910,3,3,15.0703649,15.24331132,0.1729464200000006
13872967388878897199,3,3,7.510697908,7.637134736,0.1264368280000001
13880830126020097943,2,2,133.3333333,142.2222222,8.888888900000012
13882004842441325747,3,2,3.010083037,3.306642942,0.29655990500000007
13889508209341995980,1,1,66.86951506,66.86951506,0.0
13891335910227168060,3,3,6.680901504,7.501911406,0.8210099019999992
13926868731529471070,3,3,82.6411851,83.55758536,0.9164002600000032
13986775416817193490,3,3,83.81957075,109.4004336,25.580862850000003
14017646238512971536,3,3,0.612366369,0.70402666,0.09166029100000006
14024147433647365446,3,3,1.786999265,2.110155769,0.32315650399999996
14054837534172656128,3,3,59.06881572,60.56256149,1.4937457699999968
14068852684247809683,1,1,4.795834427,4.795834427,0.0
14079765129503380819,1,1,264.6180351,264.6180351,0.0
14087304715273716021,1,1,140.1977987,140.1977987,0.0
14098218421021899461,1,1,16.82199275,16.82199275,0.0
14111493200991021164,1,1,8.967753133,8.967753133,0.0
14117925423551221353,2,2,1.647582233,1.763868427,0.11628619399999995
14122695440457670623,3,3,186.6740434,186.7880874,0.11404400000000692
14131146040637425530,15,12,59.49027235,72.73453868,13.244266330000002
14131364314155578277,3,3,47.38880325,50.23011758,2.841314329999996
14133551556102765281,3,1,78.66666667,78.66666667,0.0
14137992850604888425,9,9,15.46614064,19.78624114,4.320100500000001
14139316452646737785,3,3,15.73839266,17.58451125,1.846118589999998
14145455791997218909,3,3,20.3034624,20.90922792,0.6057655199999985
14150664927640470001,3,3,86.33087176,110.8222473,24.491375540000007
14170457224032731067,1,1,72.22858997,72.22858997,0.0
14171708123433314304,3,3,7.317938517,7.327338403,0.009399885999999746
14174918151567852022,3,3,194.608904,194.8719698,0.2630657999999926
14175388875336343442,3,2,6.666666667,6.935483871,0.2688172039999994
14198828627270019372,1,1,8.138376153,8.138376153,0.0
14247326399820608681,3,3,21.56292934,23.88028709,2.3173577499999993
14264870295495404770,3,3,133.9387453,197.8062144,63.867469099999994
14281957920571741131,3,3,12.53494874,16.72879776,4.193849019999998
14318183049395137263,3,3,183.4061143,183.5646199,0.15850559999998381
14417663452655608841,3,2,3.394706559,3.490602225,0.0958956660000001
14430101410480171177,3,1,56.44444444,56.44444444,0.0
14450537765661535684,6,5,5.558118081,7.529527559,1.971409478
14454853857174500785,3,3,3.393665158,3.996983409,0.6033182509999997
14456624691018402440,3,1,52.0,52.0,0.0
14460798447028215898,1,1,4.273675103,4.273675103,0.0
14471689904737011072,3,3,186.9536278,195.4032907,8.449662900000021
14527147495807567373,3,3,16.44561987,17.24049124,0.7948713699999992
14527377426712637295,1,1,18.57987431,18.57987431,0.0
14554286089832423346,3,2,117.2619048,122.7777778,5.515872999999999
14556834406185143340,3,3,96.28001519,98.02771377,1.747698580000005
14561758705567463404,3,3,15.7232286,18.01117921,2.287950610000001
14576096014050611579,3,3,57.49559293,61.11068504,3.615092109999999
14578678662863299839,3,3,114.1393361,121.060048,6.920711900000001
14598158743120574339,3,3,16.30185883,17.9815175,1.6796586699999985
14606981018865399406,3,3,129.7318822,130.4479165,0.7160342999999898
14607962300251484291,3,3,178.7849957,179.1155679,0.330572200000006
14609237521165358149,3,3,101.6589423,105.2579301,3.598987799999989
14615374747504397717,3,3,7.191058227,7.263225417,0.07216719000000005
14632511503543224213,9,9,17.82823797,20.66333153,2.8350935600000007
14642826718609984852,1,1,7.44157097,7.44157097,0.0
14654360985139486414,1,1,7.016242024,7.016242024,0.0
14671488231107992085,3,3,7.746478873,10.68075117,2.9342722970000006
14688820173526291166,3,3,6.772606886,8.569807037,1.7972001510000002
14693150122658306750,1,1,15.79265803,15.79265803,0.0
14718507175210602104,3,3,49.08041271,52.04717631,2.9667636
14727653636978487653,2,2,86.07407407,92.0,5.925925930000005
14731060229230471192,3,3,54.51822576,55.99221794,1.4739921800000033
14738691508997999825,1,1,78.45258607,78.45258607,0.0
14742928933519509783,3,3,9.379269143,9.94975447,0.5704853270000001
14750004714216159595,12,12,6.580388935,7.356781803,0.7763928679999994
14753012469314816368,3,3,102.3611252,104.2806309,1.919505700000002
14765858289654558428,3,3,8.054426931,8.488623383,0.4341964520000001
14772966102207275455,3,3,29.41776246,29.68355437,0.2657919100000008
14802185984964681562,15,15,69.45804224,109.0937645,39.63572226000001
14814095991422283752,3,3,64.0069281,65.93107188,1.9241437800000085
14818519241606028332,2,2,1.551406556,2.206548883,0.6551423269999999
14861837598986939022,1,1,190.5475217,190.5475217,0.0
14862933898312971491,3,3,7.486242425,8.130346721,0.6441042960000001
14871431238927427911,3,3,4.789360394,5.481242312,0.691881918
14889584530853024188,3,3,146.1541945,146.6038687,0.449674200000004
14908214510175391978,1,1,275.3708716,275.3708716,0.0
14910053830220803034,1,1,69.86299021,69.86299021,0.0
14911318710194269813,11,11,0.250822963,2.141347199,1.890524236
14915493390938448242,3,3,17.45232613,18.36417349,0.9118473599999994
14932595877372705509,3,3,11.35034007,11.698448,0.3481079300000012
14944427793197308491,3,3,16.05570647,18.13299154,2.0772850699999985
14951693179814658911,3,3,153.353427,153.5859558,0.232528799999983
14996048334728548551,1,1,101.083146,101.083146,0.0
15001488353541702053,2,2,275.5555556,280.0,4.444444400000009
15035950067462068535,3,3,9.527218042,9.951692197,0.4244741550000004
15037690467821832760,1,1,167.0461595,167.0461595,0.0
15039186321881741120,1,1,90.07812481,90.07812481,0.0
15042433285936276678,1,1,0.197203408,0.197203408,0.0
15057238795158855309,3,3,26.48250418,26.66359568,0.18109150000000085
15058951190663844978,3,3,19.35726901,19.92057871,0.5633097000000014
15086426207809694397,1,1,13.98171507,13.98171507,0.0
15094630872516047415,3,3,1.584599935,1.714335402,0.12973546699999994
15105263796712302264,3,3,55.28905586,122.2710243,66.98196844
15135330900954528476,1,1,11.1431421,11.1431421,0.0
15135560973983903317,3,3,7.990337275,8.10820331,0.11786603500000048
15153255884446640232,12,12,-31.79098165,7.994145176,39.785126825999996
15154466524217921212,3,3,135.6623371,142.0083441,6.346006999999986
15158233427638641998,3,3,196.6981685,197.1533743,0.45520579999998745
15172950716898765317,3,3,2.398544014,3.146578704,0.7480346899999999
15188021643214436428,3,3,20.10721368,23.55017077,3.44295709
15207663443589179015,3,3,81.53055818,84.73130645,3.2007482700000054
15224233587441362775,3,3,3.591343864,3.754036605,0.16269274099999986
15231598384945008400,1,1,16.63889034,16.63889034,0.0
15248855058584105196,3,3,10.99392519,11.23008999,0.23616479999999918
15252496250798709926,3,3,7.50555912,7.910594009,0.4050348890000004
15261173828235182569,3,3,141.4453925,150.9168829,9.471490399999993
15269897442523904645,3,3,15.52162466,17.19333201,1.6717073499999984
15286308235396931035,3,3,91.39389937,94.07078465,2.6768852799999934
15301960229397454996,1,1,65.42640215,65.42640215,0.0
15326704995964888575,1,1,19.41590749,19.41590749,0.0
15368989010209991013,3,3,14.21857691,14.57619084,0.3576139300000012
15394119192140264801,1,1,15.98398736,15.98398736,0.0
15403807997952639873,1,1,88.59145977,88.59145977,0.0
15412847921528205124,3,3,11.60424652,11.94492032,0.34067379999999936
15428556167414057874,3,3,8.252815881,8.286110174,0.03329429299999909
15429002766855510145,1,1,78.58598155,78.58598155,0.0
15449498977308841809,1,1,139.2291821,139.2291821,0.0
15460659072306750500,3,1,0.0,0.0,0.0
15462049524683714789,1,1,15.91745587,15.91745587,0.0
15491832941608328458,3,3,185.1498367,195.7047357,10.554898999999978
15534367458492339082,1,1,3.849845607,3.849845607,0.0
15555484437267679088,1,1,19.929379,19.929379,0.0
15590298127934271097,3,3,89.42926157,90.93214634,1.5028847700000085
15613626881432330545,3,3,31.74601216,34.06168207,2.315669910000004
15628168925692332384,1,1,17.30782141,17.30782141,0.0
15643040734785404258,3,2,107.3412698,107.7380952,0.39682539999999733
15656187769971727515,1,1,65.5023835,65.5023835,0.0
15664822722295538556,3,3,203.1080638,203.2155116,0.10744780000001697
15669367425165835767,3,3,12.26178625,12.8477289,0.5859426499999998
15692072845673287555,3,2,26.66666667,40.0,13.333333329999999
15693684484887973741,3,3,18.50435355,19.16265167,0.6582981199999978
15697118301370405832,3,3,11.10262258,11.5283203,0.4256977200000005
15714134145945127934,6,6,7.932680739,184.1544581,176.221777361
15719965926527608900,3,3,6.389642576,6.722638197,0.33299562100000024
15746350423731596595,2,2,17.97816619,18.45807447,0.4799082800000001
15766900261523129982,3,1,29.77777778,29.77777778,0.0
15777899247897605502,3,3,47.72311911,50.94348635,3.2203672400000016
15793380046204862968,3,3,5.579991817,5.835720131,0.2557283140000006
15807910494372115647,3,3,49.40019838,51.65995682,2.259758439999999
15808271721878814709,3,3,15.61951486,16.78020884,1.1606939799999996
15824271465264248278,1,1,14.07544631,14.07544631,0.0
15838004617585174392,1,1,92.06535262,92.06535262,0.0
15849705038690546430,3,3,7.999071354,8.05438185,0.0553104960000006
15857670154859084901,3,3,11.86350977,14.86747489,3.00396512
15862192128811519798,3,3,196.7334232,196.8166759,0.08325270000000273
15886341675011334550,1,1,88.58415211,88.58415211,0.0
15887886292177259301,3,3,10.3297842,17.20634149,6.876557289999999
15902432291049124608,3,3,11.16029823,14.18918919,3.02889096
15910472553448016793,3,3,7.411612903,7.736464516,0.3248516129999999
15920915165548103005,3,3,6.648863325,6.991235278,0.3423719530000007
15928461749635540538,1,1,181.1725558,181.1725558,0.0
15953553129323897234,3,2,4.481857319,4.558733087,0.07687576799999984
15961279181779596814,2,2,1.476555652,1.488577851,0.012022199000000011
15991242187537347155,1,1,4.47511756,4.47511756,0.0
15992473889545316537,3,3,0.639040155,0.778410974,0.13937081900000003
16002497293951558241,1,1,0.195216714,0.195216714,0.0
16009518634501299427,3,3,7.85298263,8.001437221,0.14845459100000014
16010746774916559788,1,1,11.9138672,11.9138672,0.0
16044322656900964210,1,1,65.99160427,65.99160427,0.0
16049071684720273553,3,3,10.11315589,12.19006855,2.0769126599999996
16050492626156019165,3,3,1.649675561,1.930523266,0.280847705
16052808257232937034,12,12,1.198269973,3.526127127,2.327857154
16058766177640236849,3,1,53.33333333,53.33333333,0.0
16066104544994962222,3,3,10.34424279,10.71785341,0.3736106200000009
16074325632451800829,3,3,17.10608864,22.27145218,5.165363540000001
16091125448668008469,2,2,237.1031746,253.505291,16.40211640000001
16094576089784857173,1,1,190.4523133,190.4523133,0.0
16103434741383707209,3,3,8.177699256,8.251640695,0.07394143900000039
16119625099739637523,1,1,96.31623439,96.31623439,0.0
16176577950961726893,1,1,0.276469757,0.276469757,0.0
16194911679066073778,3,3,173.2815246,184.4251748,11.143650199999996
16198920204232538357,3,3,42.08217869,42.21347841,0.13129972000000123
16228501341617414735,3,3,7.653415869,8.101824684,0.4484088150000005
16231430173642195752,3,3,16.75926998,18.25383525,1.4945652700000025
16231848065565885249,1,1,7.024685474,7.024685474,0.0
16239946262605144955,1,1,143.2930138,143.2930138,0.0
16262747756010670379,3,2,5.524114173,5.585629921,0.061515747999999704
16272450137362706756,3,3,16.07297061,16.34192332,0.26895271000000065
16281823845909795408,2,2,1.967666773,2.233874338,0.2662075650000002
16282885341195580935,3,3,13.73881716,16.18677242,2.4479552600000005
16293706521929686415,3,3,207.4766359,207.5548501,0.07821420000001922
16318967756588543778,3,3,12.8606754,13.88858409,1.0279086900000003
16393338596613869922,2,2,18.56033279,18.56245276,0.002119969999998972
16405048272212825666,3,3,64.88745858,65.00011112,0.11265253999999914
16410578991526358170,3,3,0.780319885,1.437474325,0.6571544399999999
16422440345971518751,1,1,159.2082795,159.2082795,0.0
16426178679819484241,3,3,3.594560845,3.926907995,0.3323471499999999
16433226250501921470,3,3,13.14526187,13.54670775,0.4014458799999989
16465382337475592832,3,3,37.36373708,52.89121794,15.527480859999997
16479565402347312129,1,1,53.57496766,53.57496766,0.0
16479882799802070071,1,1,20.0,20.0,0.0
16483003438161415621,2,2,163.9550265,199.8015873,35.84656079999999
16506295165112074579,1,1,344.7106493,344.7106493,0.0
16509248199414197255,1,1,95.47365234,95.47365234,0.0
16526967940655265578,3,1,66.66666667,66.66666667,0.0
16535772593130774120,3,3,3.744640943,3.878617363,0.1339764200000002
16575937784576867068,3,3,18.28957414,19.63371054,1.3441364
16638446263550319536,3,3,9.981400279,10.91946674,0.938066461
16640142614009434005,3,3,1.659113462,1.953235114,0.29412165199999984
16646435081185513064,3,3,14.4839549,15.85718416,1.3732292599999987
16662543744214429559,3,3,18.65911504,19.40018907,0.74107403
16669601217074663099,1,1,91.17129647,91.17129647,0.0
16676324305660155556,3,3,202.5678087,202.7627228,0.19491410000000542
16685056413505612305,3,2,10.79478055,11.98102017,1.1862396200000003
16686286222941911493,3,3,8.094014869,8.567677112,0.4736622429999997
16689376355185515055,3,3,104.4383811,105.1720864,0.7337052999999969
16707520374413369664,3,3,15.65799538,17.591054,1.9330586200000006
16713817584777694125,3,3,147.6588002,160.0832954,12.424495199999996
16723935950174777371,3,3,1.617454278,1.695205748,0.07775146999999993
16737703975485143772,15,14,18.98707833,21.22517196,2.2380936300000016
16750171663552134215,1,1,18.10888365,18.10888365,0.0
16755461862370840366,3,3,17.02147807,19.69036252,2.66888445
16777781592095503373,1,1,10.31234354,10.31234354,0.0
16800429002793184062,1,1,114.640457,114.640457,0.0
16807819990896503937,3,3,14.62866221,16.87410603,2.24544382
16808907155016778013,1,1,103.3970009,103.3970009,0.0
16814135709255667619,3,3,6.73238255,7.151845638,0.41946308800000054
16825237191054845665,3,3,16.84818199,17.16982764,0.32164565000000067
16826936358102245669,3,3,10.56357141,11.07332136,0.5097499499999998
16862914560302774087,3,3,24.46083292,43.78305239,19.32221947
16909384172031674935,1,1,17.4829162,17.4829162,0.0
16913324282636799098,3,3,3.96335375,4.347861434,0.38450768400000035
16915216424208539285,3,3,165.2457781,165.3194887,0.0737105999999983
16938332226108115672,3,3,-0.09127577,-0.018889614,0.07238615600000001
16940609377718848897,1,1,97.76236724,97.76236724,0.0
16959195081075023796,3,3,9.840915293,11.19039278,1.3494774869999997
16967477159372399212,3,3,12.54988871,12.74485292,0.1949642100000002
16981588077118001944,3,3,5.31261987,5.983889528,0.6712696579999999
16983837190254317110,3,3,13.435106,13.76286244,0.3277564399999999
17022930429267591015,3,3,14.18131552,15.47280335,1.2914878299999994
17032418791851173808,2,2,41.84471924,93.56231268,51.71759344
17044198096516743746,1,1,18.1455107,18.1455107,0.0
17053035532018455372,3,1,0.0,0.0,0.0
17080829495524148363,3,3,13.4133184,14.66524294,1.251924540000001
17094379585449312116,3,3,28.49785854,28.90125903,0.4034004899999992
17098923533429936836,3,3,14.39288595,14.56461211,0.1717261600000004
17106177709835231706,1,1,179.1363026,179.1363026,0.0
17115427758596232426,1,1,84.60006871,84.60006871,0.0
17140761639484257627,1,1,263.6544684,263.6544684,0.0
17157843615538745207,3,3,12.3700826,14.69006922,2.31998662
17163293974637512094,2,2,2.057138081,2.286191853,0.22905377199999988
17165261834418585786,3,3,19.24145876,19.44857074,0.20711198000000053
17180338783319267793,3,3,18.88716937,19.0212291,0.1340597300000006
17192587275700313807,6,6,100.2661087,104.899164,4.633055299999995
17200064123136545815,6,6,6.169542591,7.780960175,1.6114175839999998
17200286515181460444,3,3,18.71525548,20.26701653,1.5517610499999996
17240586646336196107,1,1,11.89212295,11.89212295,0.0
17248244078605365750,3,3,1.049195051,1.367742384,0.31854733299999993
17279278994493197117,3,3,25.40971226,25.75858025,0.34886799000000224
17283328123470425000,3,3,2.199937811,2.355410448,0.15547263700000036
17305994896530160488,6,6,6.786523258,188.7537227,181.967199442
17308140250371570214,3,3,11.20646473,25.22623754,14.01977281
17326748445242168543,3,3,154.0129816,157.1928767,3.17989510000001
17356668411832435303,3,3,7.799920238,9.293184445,1.4932642069999993
17377139096905289125,3,3,19.83093567,19.94625348,0.11531781000000052
17384553156265223587,3,3,8.078169999,8.203083381,0.1249133820000008
17430757838404585944,3,3,208.4581436,208.5561129,0.09796929999998838
17448317176544428284,3,3,98.21013099,98.73601242,0.5258814299999983
17454219733314565792,3,3,50.92038659,55.1294431,4.2090565100000035
17455228207819729971,3,3,14.41125889,14.85950043,0.4482415400000015
17470192116320297069,3,1,87.55555556,87.55555556,0.0
17475736414276499376,1,1,88.0183609,88.0183609,0.0
17485199630258976541,3,3,85.37041814,107.1628758,21.792457659999997
17485915581583553027,3,3,113.1049691,113.607428,0.5024588999999935
17509084134776967386,3,3,11.40407965,12.34425971,0.9401800599999994
17509427768820248449,3,3,472.7124993,482.5875888,9.875089500000001
17521038317806543940,3,3,10.33021027,10.74889698,0.41868670999999935
17524498598290145578,3,3,190.5544103,190.7784178,0.22400749999999903
17525109609069475328,12,6,4.507710558,5.693950178,1.1862396199999994
17532619624130317853,3,3,14.9856019,15.20427734,0.21867544000000017
17540682116660840541,1,1,90.719401,90.719401,0.0
17556645753999555257,1,1,8.764556739,8.764556739,0.0
17568784049951808416,3,3,10.04370468,11.54079958,1.4970949000000005
17574322416017258644,3,3,17.87462134,19.7734455,1.8988241600000002
17600486352584386539,1,1,274.8235518,274.8235518,0.0
17615662448436470124,3,3,14.76211034,16.03390182,1.271791480000001
17620546108433666946,3,3,26.34763926,27.32333424,0.9756949800000001
17685554107923277188,1,1,14.32155521,14.32155521,0.0
17702078877809221217,3,3,15.37077706,18.18116081,2.8103837500000015
17710968229733482981,3,3,15.63345375,17.3085148,1.6750610500000018
17733708730359010483,1,1,69.23472926,69.23472926,0.0
17743971709699853167,3,3,4.167156942,4.477000855,0.3098439129999999
17744247659109149025,1,1,85.72026179,85.72026179,0.0
17768144420512728563,3,2,8.39954597,8.872493379,0.47294740899999965
17776044586851409288,3,3,0.738313121,1.11437549,0.376062369
17800563843986699496,2,2,240.0,262.2222222,22.222222199999976
17820105321635114084,3,3,65.46496476,68.51966253,3.054697770000004
17852857923161742115,3,3,0.80068408,2.899564677,2.098880597
17855955313651295445,3,3,62.19446227,65.72183816,3.527375890000002
17877692717919212344,3,1,99.00793651,99.00793651,0.0
17898185555684303476,1,1,97.91540844,97.91540844,0.0
17917615021032268182,3,3,82.1890143,99.37428786,17.18527356
17921206181751419838,3,3,15.20889862,16.3754436,1.1665449800000012
17931166249636784485,3,3,4.095724555,5.041619372,0.9458948170000001
17934866632876365395,3,3,7.588937901,7.855627517,0.26668961599999985
17949185904472226276,3,3,13.93427859,14.63689062,0.7026120300000009
17949875270163903850,3,3,14.7430764,17.27116484,2.528088440000001
17952086120339776076,3,3,210.0915708,210.1800657,0.0884949000000006
17955016725863008543,3,3,7.752615385,7.90417469,0.15155930499999926
17960964911523957886,2,2,305.7539683,318.8492063,13.095237999999995
17963337656926381207,1,1,16.46441326,16.46441326,0.0
17964149190874114612,1,1,108.0982491,108.0982491,0.0
17976950169940105300,2,2,106.6666667,120.0,13.333333300000007
17977216868133035984,3,3,0.348079996,0.392332002,0.04425200600000001
17981781917041824214,1,1,8.451412115,8.451412115,0.0
18006454412294099555,3,3,203.6577441,203.8669845,0.20924039999999877
18008818454929617895,1,1,103.5785586,103.5785586,0.0
18018378148491117671,3,3,89.5086089,101.4544359,11.945826999999994
18023022812445526267,3,1,115.2777778,115.2777778,0.0
18031951279925841496,3,1,0.0,0.0,0.0
18034623346368764024,3,3,1.808870312,2.011321844,0.20245153199999977
18051413766242179725,1,1,78.51672079,78.51672079,0.0
18061100012921218034,1,1,73.73833318,73.73833318,0.0
18066266607024170890,3,3,82.99841691,83.47723761,0.4788207
18073218190423429454,3,3,-9.777514335,-3.421873852,6.355640482999999
18076858949388428206,3,3,50.04381112,60.73211699,10.68830587
18084832500324239825,1,1,4.195801507,4.195801507,0.0
18090062481490488342,1,1,8.001009369,8.001009369,0.0
18115771084016731082,3,3,3.3015964,3.737132939,0.43553653899999967
18123424210867096956,3,3,2.364930901,2.596150856,0.2312199549999998
18160381081298396995,3,3,4.38323064,4.626336767,0.2431061269999999
18165691725457514019,3,3,28.35903999,28.58703038,0.2279903900000022
18167099725254788514,1,1,67.96173211,67.96173211,0.0
18180536059381189200,3,3,7.879948444,8.102703482,0.22275503800000074
18191028603544593454,3,3,13.54488687,14.6680659,1.123179030000001
18197624565931386428,3,3,6.098351388,14.34938758,8.251036192
18203435778758194360,3,3,174.4300862,188.2817431,13.851656899999995
18242488890160064085,3,3,16.38674872,18.56260257,2.1758538499999993
18250989347139307598,3,3,9.847988242,9.991364259,0.14337601699999958
18256237374311260226,3,3,7.075744435,7.364845331,0.2891008959999999
18275886418431496465,3,2,80.0,93.33333333,13.333333330000002
18276777132560963109,1,1,50.60587297,50.60587297,0.0
18294439899347970262,3,3,5.930440861,6.058595411,0.12815454999999965
18303282617219983299,3,3,2.015351581,2.757799033,0.742447452
18317379548080904099,3,3,161.0834844,162.3815391,1.2980546999999945
18380047481003027818,3,3,41.58480176,43.45692386,1.8721221000000057
18380432902739082473,3,3,13.468366,13.5695908,0.10122480000000067
18389337982035830204,3,3,423.0233018,423.2705159,0.24721410000000787
18390119854474175428,3,1,53.33333333,53.33333333,0.0
18394898568978983294,1,1,84.7324625,84.7324625,0.0
18400025009205558919,1,1,148.0966626,148.0966626,0.0
18432371715842126336,3,3,19.98202397,20.86450745,0.8824834800000012
18438421662723363370,3,3,0.721331656,0.880450771,0.15911911499999998
