Adsorbent,Pyrolysis temperature ,Pyrolysis time,C,H,O,N,(O+N)/C,Ash,H/C,O/C,N/C,Surface area,Pore volume,Average pore size,Pollutant,Adsorption time,Initial concentration,Solution pH,RPM,Volume,Adsorbent dosage,Adsorption temperature,Ion concentration,Humic acid,Wastewater type,Adsorption type,_condition_signature,n_replicates,Capacity,capacity_mean,capacity_std,capacity_min,capacity_max,capacity_spread,Final concentration,_cross_domain_signature
CB,700,90,85.7,1.8,3.2,3.7,0.080513419,5.6,0.252,0.028,0.037,9.4,0.011,4.9,IBU,0,5.0,7,150,0.05,0.05,25,0.0,0,Ground water,Single,13428427879164385114,1,0.0,0.0,0.0,0.0,0.0,0.0,5.0,5689367491538143357
CB,700,90,85.7,1.8,3.2,3.7,0.080513419,5.6,0.252,0.028,0.037,9.4,0.011,4.9,IBU,30,5.0,7,150,0.05,0.05,25,0.0,0,Ground water,Single,13770704506802718818,3,7.201826303,7.198970389,0.01328242899461231,7.184492308,7.210592556,0.02610024799999966,4.639908685,1096784735608121317
CB,700,90,85.7,1.8,3.2,3.7,0.080513419,5.6,0.252,0.028,0.037,9.4,0.011,4.9,IBU,60,5.0,7,150,0.05,0.05,25,0.0,0,Ground water,Single,15910472553448016793,3,7.56996129,7.572679569666666,0.16244286503394073,7.411612903,7.736464516,0.3248516129999999,4.621501935,15759217840397529228
CB,700,90,85.7,1.8,3.2,3.7,0.080513419,5.6,0.252,0.028,0.037,9.4,0.011,4.9,IBU,120,5.0,7,150,0.05,0.05,25,0.0,0,Ground water,Single,17955016725863008543,3,7.776770223,7.811186766,0.08143051981335894,7.752615385,7.90417469,0.15155930499999926,4.611161489,2696145427409326382
CB,700,90,85.7,1.8,3.2,3.7,0.080513419,5.6,0.252,0.028,0.037,9.4,0.011,4.9,IBU,240,5.0,7,150,0.05,0.05,25,0.0,0,Ground water,Single,7007229758270957084,3,7.821879901,7.841466336,0.05717271014236218,7.796661042,7.905858065,0.10919702300000012,4.608906005,11439354181120003123
CB,700,90,85.7,1.8,3.2,3.7,0.080513419,5.6,0.252,0.028,0.037,9.4,0.011,4.9,IBU,480,5.0,7,150,0.05,0.05,25,0.0,0,Ground water,Single,16009518634501299427,3,7.906795037,7.920404962666666,0.07515726149038074,7.85298263,8.001437221,0.14845459100000014,4.604660248,1684055843099262994
CB,700,90,85.7,1.8,3.2,3.7,0.080513419,5.6,0.252,0.028,0.037,9.4,0.011,4.9,IBU,720,5.0,7,150,0.05,0.05,25,0.0,0,Ground water,Single,7568016021271599136,3,7.908859553,7.926386765666667,0.07576340614646374,7.860923077,8.009377667,0.14845459000000094,4.604557022,8236421189069109735
CB,700,90,85.7,1.8,3.2,3.7,0.080513419,5.6,0.252,0.028,0.037,9.4,0.011,4.9,IBU,960,5.0,7,150,0.05,0.05,25,0.0,0,Ground water,Single,7404151809339923628,3,7.910066501,7.932373862666666,0.08415318597338552,7.861621836,8.025433251,0.16381141500000052,4.604496675,952598309744334275
CB,700,90,85.7,1.8,3.2,3.7,0.080513419,5.6,0.252,0.028,0.037,9.4,0.011,4.9,IBU,1440,5.0,7,150,0.05,0.05,25,0.0,0,Ground water,Single,3907017987546331420,9,7.559313003,7.656097010444444,0.23627891075146756,7.308918444,8.048285856,0.739367412,4.62203435,4139749840015379763
MCB,700,90,68.9,1.8,5.7,2.6,0.120464441,21.0,0.313,0.062,0.032,678.1,0.191,2.0,IBU,0,5.0,7,150,0.05,0.05,25,0.0,0,Ground water,Single,15460659072306750500,1,0.0,0.0,0.0,0.0,0.0,0.0,5.0,4779059698726194465
MCB,700,90,68.9,1.8,5.7,2.6,0.120464441,21.0,0.313,0.062,0.032,678.1,0.191,2.0,IBU,30,5.0,7,150,0.05,0.05,25,0.0,0,Ground water,Single,10726803696403312588,3,7.346596526,7.357104383666666,0.08052379677839823,7.282350372,7.442366253,0.16001588100000053,4.632670174,14609390245561545561
MCB,700,90,68.9,1.8,5.7,2.6,0.120464441,21.0,0.313,0.062,0.032,678.1,0.191,2.0,IBU,60,5.0,7,150,0.05,0.05,25,0.0,0,Ground water,Single,3581469070947697807,3,8.08533598,8.031454755666667,0.10583733337860453,7.90951861,8.099509677,0.18999106700000024,4.595733201,11262522506789243568
MCB,700,90,68.9,1.8,5.7,2.6,0.120464441,21.0,0.313,0.062,0.032,678.1,0.191,2.0,IBU,120,5.0,7,150,0.05,0.05,25,0.0,0,Ground water,Single,16103434741383707209,3,8.20569727,8.211679073666666,0.03733189764367207,8.177699256,8.251640695,0.07394143900000039,4.589715136,2025915410812687386
MCB,700,90,68.9,1.8,5.7,2.6,0.120464441,21.0,0.313,0.062,0.032,678.1,0.191,2.0,IBU,240,5.0,7,150,0.05,0.05,25,0.0,0,Ground water,Single,573048783801505426,3,8.226239206,8.225363110000002,0.03379908795599298,8.191134491,8.258715633,0.06758114199999987,4.58868804,6645138200345112671
MCB,700,90,68.9,1.8,5.7,2.6,0.120464441,21.0,0.313,0.062,0.032,678.1,0.191,2.0,IBU,480,5.0,7,150,0.05,0.05,25,0.0,0,Ground water,Single,10112251151466469973,3,8.224794045,8.227679073666666,0.03711842800266097,8.192087345,8.266155831,0.0740684860000016,4.588760298,2622894951761160502
MCB,700,90,68.9,1.8,5.7,2.6,0.120464441,21.0,0.313,0.062,0.032,678.1,0.191,2.0,IBU,720,5.0,7,150,0.05,0.05,25,0.0,0,Ground water,Single,1909360719025211134,3,8.264496278,8.246206782333333,0.033125945021828446,8.207968238,8.266155831,0.058187593000001314,4.586775186,6852825768155583275
MCB,700,90,68.9,1.8,5.7,2.6,0.120464441,21.0,0.313,0.062,0.032,678.1,0.191,2.0,IBU,960,5.0,7,150,0.05,0.05,25,0.0,0,Ground water,Single,4025050983213198466,3,8.266814888,8.261436559000002,0.021295759878582392,8.237967246,8.279527543,0.04156029700000019,4.586659256,4425738716744852239
MCB,700,90,68.9,1.8,5.7,2.6,0.120464441,21.0,0.313,0.062,0.032,678.1,0.191,2.0,IBU,1440,5.0,7,150,0.05,0.05,25,0.0,0,Ground water,Single,15428556167414057874,3,8.267608933,8.268844995999999,0.01668152796950637,8.252815881,8.286110174,0.03329429299999909,4.586619553,14690339764569626975
AMCB,700,90,71.4,1.6,5.1,2.5,0.106442577,19.4,0.269,0.054,0.03,950.2,0.42,1.0,IBU,0,5.0,7,150,0.05,0.05,25,0.0,0,Ground water,Single,8995168798703410498,1,0.0,0.0,0.0,0.0,0.0,0.0,5.0,8480494118045000923
AMCB,700,90,71.4,1.6,5.1,2.5,0.106442577,19.4,0.269,0.054,0.03,950.2,0.42,1.0,IBU,30,5.0,7,150,0.05,0.05,25,0.0,0,Ground water,Single,4494402526469929530,3,34.68386303,34.36232523,1.4624473756736567,32.76586402,35.63724864,2.8713846200000006,3.265806849,7811553911691340547
AMCB,700,90,71.4,1.6,5.1,2.5,0.106442577,19.4,0.269,0.054,0.03,950.2,0.42,1.0,IBU,60,5.0,7,150,0.05,0.05,25,0.0,0,Ground water,Single,1609166413684491409,3,45.2259335,45.85845888999999,2.557070102422059,43.67701439,48.67242878,4.9954143900000005,2.738703325,6547792352909482942
AMCB,700,90,71.4,1.6,5.1,2.5,0.106442577,19.4,0.269,0.054,0.03,950.2,0.42,1.0,IBU,120,5.0,7,150,0.05,0.05,25,0.0,0,Ground water,Single,6889870731539656663,3,60.4039464,60.18001257333333,0.4059659726799012,59.71139653,60.42469479,0.7132982599999949,1.97980268,17655501512134679260
AMCB,700,90,71.4,1.6,5.1,2.5,0.106442577,19.4,0.269,0.054,0.03,950.2,0.42,1.0,IBU,240,5.0,7,150,0.05,0.05,25,0.0,0,Ground water,Single,87092131921711988,3,65.37106104,65.73442911333332,1.8992559101338757,64.04310868,67.78911762,3.746008939999996,1.731446948,9301390236859822453
AMCB,700,90,71.4,1.6,5.1,2.5,0.106442577,19.4,0.269,0.054,0.03,950.2,0.42,1.0,IBU,480,5.0,7,150,0.05,0.05,25,0.0,0,Ground water,Single,5712957424560820859,3,65.54825211,66.47373234000001,1.7232715871493904,65.41093002,68.46201489,3.051084870000011,1.722587395,5398041946777581528
AMCB,700,90,71.4,1.6,5.1,2.5,0.106442577,19.4,0.269,0.054,0.03,950.2,0.42,1.0,IBU,720,5.0,7,150,0.05,0.05,25,0.0,0,Ground water,Single,422962214735009048,3,66.84687246,66.92196526,1.5171423342911279,65.44376377,68.47525955,3.03149578,1.657656377,13284761567546254833
AMCB,700,90,71.4,1.6,5.1,2.5,0.106442577,19.4,0.269,0.054,0.03,950.2,0.42,1.0,IBU,960,5.0,7,150,0.05,0.05,25,0.0,0,Ground water,Single,17820105321635114084,3,66.85046154,66.94502960999999,1.5295430547743314,65.46496476,68.51966253,3.054697770000004,1.657476923,4197933424706407205
AMCB,700,90,71.4,1.6,5.1,2.5,0.106442577,19.4,0.269,0.054,0.03,950.2,0.42,1.0,IBU,1440,5.0,7,150,0.05,0.05,25,0.0,0,Ground water,Single,1941269387759743092,3,66.85999007,67.0739507,1.7038385650110235,65.48719801,68.87466402,3.387466009999997,1.657000496,6537852781442106997
CB,700,90,85.7,1.8,3.2,3.7,0.080513419,5.6,0.252,0.028,0.037,9.4,0.011,4.9,IBU,1440,1.0,7,150,0.05,0.05,15,0.0,0,Ground water,Single,10928664058777336999,3,0.336935155,0.10958579733333333,0.43844805239380497,-0.395842499,0.387664736,0.7835072350000001,0.983153242,2899154845995284794
CB,700,90,85.7,1.8,3.2,3.7,0.080513419,5.6,0.252,0.028,0.037,9.4,0.011,4.9,IBU,1440,3.0,7,150,0.05,0.05,15,0.0,0,Ground water,Single,18115771084016731082,3,3.598926315,3.545885218,0.2225601888911112,3.3015964,3.737132939,0.43553653899999967,2.820053684,3701867634866204125
CB,700,90,85.7,1.8,3.2,3.7,0.080513419,5.6,0.252,0.028,0.037,9.4,0.011,4.9,IBU,1440,5.0,7,150,0.05,0.05,15,0.0,0,Ground water,Single,15719965926527608900,3,6.6507982,6.587692991,0.17523761426558565,6.389642576,6.722638197,0.33299562100000024,4.66746009,4504690467566061435
CB,700,90,85.7,1.8,3.2,3.7,0.080513419,5.6,0.252,0.028,0.037,9.4,0.011,4.9,IBU,1440,7.0,7,150,0.05,0.05,15,0.0,0,Ground water,Single,3232850516614781629,3,9.737011847,9.751760883,0.027691454924991966,9.734565783,9.783705019,0.049139235999998476,6.513149408,4816639085188916868
CB,700,90,85.7,1.8,3.2,3.7,0.080513419,5.6,0.252,0.028,0.037,9.4,0.011,4.9,IBU,1440,10.0,7,150,0.05,0.05,15,0.0,0,Ground water,Single,13776757793733500861,3,13.60313225,13.63135751,0.2076837889577203,13.43922985,13.85171043,0.41248058000000043,9.319843387,3241811113684022660
CB,700,90,85.7,1.8,3.2,3.7,0.080513419,5.6,0.252,0.028,0.037,9.4,0.011,4.9,IBU,1440,1.0,7,150,0.05,0.05,25,0.0,0,Ground water,Single,7891471248965532175,3,0.456501645,0.46824490233333327,0.055011878293959204,0.420052877,0.528180185,0.10812730799999998,0.977174918,17166976430655990226
CB,700,90,85.7,1.8,3.2,3.7,0.080513419,5.6,0.252,0.028,0.037,9.4,0.011,4.9,IBU,1440,3.0,7,150,0.05,0.05,25,0.0,0,Ground water,Single,7257597977143232674,3,4.026018689,4.059426695666667,0.1819234129932821,3.896522634,4.255738764,0.3592161300000001,2.798699066,6681420449965571429
CB,700,90,85.7,1.8,3.2,3.7,0.080513419,5.6,0.252,0.028,0.037,9.4,0.011,4.9,IBU,1440,7.0,7,150,0.05,0.05,25,0.0,0,Ground water,Single,16826936358102245669,3,10.6396012,10.758831323333332,0.2749965810947692,10.56357141,11.07332136,0.5097499499999998,6.46801994,6331350203389955420
CB,700,90,85.7,1.8,3.2,3.7,0.080513419,5.6,0.252,0.028,0.037,9.4,0.011,4.9,IBU,1440,10.0,7,150,0.05,0.05,25,0.0,0,Ground water,Single,11244992506998715429,3,15.20226846,15.170205923333334,0.07255603936385514,15.08714202,15.22120729,0.13406527000000068,9.239886577,17896087149270429276
CB,700,90,85.7,1.8,3.2,3.7,0.080513419,5.6,0.252,0.028,0.037,9.4,0.011,4.9,IBU,1440,1.0,7,150,0.05,0.05,35,0.0,0,Ground water,Single,8890193441200262223,3,0.815354498,0.8098838186666667,0.12996589608967918,0.677268966,0.937027992,0.259759026,0.959232275,2815045508866502930
CB,700,90,85.7,1.8,3.2,3.7,0.080513419,5.6,0.252,0.028,0.037,9.4,0.011,4.9,IBU,1440,3.0,7,150,0.05,0.05,35,0.0,0,Ground water,Single,1545384963025979106,3,4.684486064,4.4446103856666666,0.436831638130185,3.940398394,4.708946699,0.7685483050000004,2.765775697,14028179207120753829
CB,700,90,85.7,1.8,3.2,3.7,0.080513419,5.6,0.252,0.028,0.037,9.4,0.011,4.9,IBU,1440,5.0,7,150,0.05,0.05,35,0.0,0,Ground water,Single,14765858289654558428,3,8.17978163,8.240943981333333,0.2234664732075343,8.054426931,8.488623383,0.4341964520000001,4.591010918,7182392752066015347
CB,700,90,85.7,1.8,3.2,3.7,0.080513419,5.6,0.252,0.028,0.037,9.4,0.011,4.9,IBU,1440,7.0,7,150,0.05,0.05,35,0.0,0,Ground water,Single,14932595877372705509,3,11.59026418,11.54635075,0.17816025014855333,11.35034007,11.698448,0.3481079300000012,6.420486791,6456944957442971164
CB,700,90,85.7,1.8,3.2,3.7,0.080513419,5.6,0.252,0.028,0.037,9.4,0.011,4.9,IBU,1440,10.0,7,150,0.05,0.05,35,0.0,0,Ground water,Single,17710968229733482981,3,16.57955559,16.50717471333333,0.83987298074593,15.63345375,17.3085148,1.6750610500000018,9.17102222,15493325471333818140
MCB,700,90,68.9,1.8,5.7,2.6,0.120464441,21.0,0.313,0.062,0.032,678.1,0.191,2.0,IBU,1440,1.0,7,150,0.05,0.05,15,0.0,0,Ground water,Single,7562884450302427597,1,0.195862681,0.195862681,0.0,0.195862681,0.195862681,0.0,0.990206866,10175381859925239414
MCB,700,90,68.9,1.8,5.7,2.6,0.120464441,21.0,0.313,0.062,0.032,678.1,0.191,2.0,IBU,1441,3.0,7,150,0.05,0.05,15,0.0,0,Ground water,Single,15534367458492339082,1,3.849845607,3.849845607,0.0,3.849845607,3.849845607,0.0,2.80750772,9183841226837216903
MCB,700,90,68.9,1.8,5.7,2.6,0.120464441,21.0,0.313,0.062,0.032,678.1,0.191,2.0,IBU,1442,5.0,7,150,0.05,0.05,15,0.0,0,Ground water,Single,1547353342600074885,1,7.287614281,7.287614281,0.0,7.287614281,7.287614281,0.0,4.635619286,3398223803949094470
MCB,700,90,68.9,1.8,5.7,2.6,0.120464441,21.0,0.313,0.062,0.032,678.1,0.191,2.0,IBU,1443,7.0,7,150,0.05,0.05,15,0.0,0,Ground water,Single,295427787878208187,1,10.43542352,10.43542352,0.0,10.43542352,10.43542352,0.0,6.478228824,14784232256686684284
MCB,700,90,68.9,1.8,5.7,2.6,0.120464441,21.0,0.313,0.062,0.032,678.1,0.191,2.0,IBU,1444,10.0,7,150,0.05,0.05,15,0.0,0,Ground water,Single,1349321994110591645,1,14.46074795,14.46074795,0.0,14.46074795,14.46074795,0.0,9.276962603,7335203817937681878
MCB,700,90,68.9,1.8,5.7,2.6,0.120464441,21.0,0.313,0.062,0.032,678.1,0.191,2.0,IBU,1445,1.0,7,150,0.05,0.05,15,0.0,0,Ground water,Single,2798174891480595346,1,0.207527902,0.207527902,0.0,0.207527902,0.207527902,0.0,0.989623605,9859338521623821799
MCB,700,90,68.9,1.8,5.7,2.6,0.120464441,21.0,0.313,0.062,0.032,678.1,0.191,2.0,IBU,1446,3.0,7,150,0.05,0.05,15,0.0,0,Ground water,Single,12093534062081831163,1,3.711033522,3.711033522,0.0,3.711033522,3.711033522,0.0,2.814448324,8774401393520822948
MCB,700,90,68.9,1.8,5.7,2.6,0.120464441,21.0,0.313,0.062,0.032,678.1,0.191,2.0,IBU,1447,5.0,7,150,0.05,0.05,15,0.0,0,Ground water,Single,10880365496602827698,1,7.032480978,7.032480978,0.0,7.032480978,7.032480978,0.0,4.648375951,10297784739301132815
MCB,700,90,68.9,1.8,5.7,2.6,0.120464441,21.0,0.313,0.062,0.032,678.1,0.191,2.0,IBU,1448,7.0,7,150,0.05,0.05,15,0.0,0,Ground water,Single,3433976993469835110,1,10.51607903,10.51607903,0.0,10.51607903,10.51607903,0.0,6.474196048,5816634109929626067
MCB,700,90,68.9,1.8,5.7,2.6,0.120464441,21.0,0.313,0.062,0.032,678.1,0.191,2.0,IBU,1449,10.0,7,150,0.05,0.05,15,0.0,0,Ground water,Single,15086426207809694397,1,13.98171507,13.98171507,0.0,13.98171507,13.98171507,0.0,9.300914247,12133157817765768758
MCB,700,90,68.9,1.8,5.7,2.6,0.120464441,21.0,0.313,0.062,0.032,678.1,0.191,2.0,IBU,1450,1.0,7,150,0.05,0.05,15,0.0,0,Ground water,Single,16176577950961726893,1,0.276469757,0.276469757,0.0,0.276469757,0.276469757,0.0,0.986176512,4491432082561172758
MCB,700,90,68.9,1.8,5.7,2.6,0.120464441,21.0,0.313,0.062,0.032,678.1,0.191,2.0,IBU,1451,3.0,7,150,0.05,0.05,15,0.0,0,Ground water,Single,10757845888731953425,1,3.882314477,3.882314477,0.0,3.882314477,3.882314477,0.0,2.805884276,2489464476551790602
MCB,700,90,68.9,1.8,5.7,2.6,0.120464441,21.0,0.313,0.062,0.032,678.1,0.191,2.0,IBU,1452,5.0,7,150,0.05,0.05,15,0.0,0,Ground water,Single,14642826718609984852,1,7.44157097,7.44157097,0.0,7.44157097,7.44157097,0.0,4.627921451,14298058040118082081
MCB,700,90,68.9,1.8,5.7,2.6,0.120464441,21.0,0.313,0.062,0.032,678.1,0.191,2.0,IBU,1453,7.0,7,150,0.05,0.05,15,0.0,0,Ground water,Single,7437260343620301219,1,10.38490383,10.38490383,0.0,10.38490383,10.38490383,0.0,6.480754808,12841843127821680532
MCB,700,90,68.9,1.8,5.7,2.6,0.120464441,21.0,0.313,0.062,0.032,678.1,0.191,2.0,IBU,1454,10.0,7,150,0.05,0.05,15,0.0,0,Ground water,Single,11023639466359262375,1,14.07480272,14.07480272,0.0,14.07480272,14.07480272,0.0,9.296259864,13346721749916940856
MCB,700,90,68.9,1.8,5.7,2.6,0.120464441,21.0,0.313,0.062,0.032,678.1,0.191,2.0,IBU,1440,1.0,7,150,0.05,0.05,25,0.0,0,Ground water,Single,3597310176462258357,1,0.583543563,0.583543563,0.0,0.583543563,0.583543563,0.0,0.970822822,7765047829599972158
MCB,700,90,68.9,1.8,5.7,2.6,0.120464441,21.0,0.313,0.062,0.032,678.1,0.191,2.0,IBU,1441,3.0,7,150,0.05,0.05,25,0.0,0,Ground water,Single,7904152821749908962,1,4.418922683,4.418922683,0.0,4.418922683,4.418922683,0.0,2.779053866,9198546269028867007
MCB,700,90,68.9,1.8,5.7,2.6,0.120464441,21.0,0.313,0.062,0.032,678.1,0.191,2.0,IBU,1442,5.0,7,150,0.05,0.05,25,0.0,0,Ground water,Single,6404022829139725021,1,8.008088962,8.008088962,0.0,8.008088962,8.008088962,0.0,4.599595552,15754275174472501518
MCB,700,90,68.9,1.8,5.7,2.6,0.120464441,21.0,0.313,0.062,0.032,678.1,0.191,2.0,IBU,1443,7.0,7,150,0.05,0.05,25,0.0,0,Ground water,Single,10424722174915605395,1,11.36644534,11.36644534,0.0,11.36644534,11.36644534,0.0,6.431677733,5664710372040412004
MCB,700,90,68.9,1.8,5.7,2.6,0.120464441,21.0,0.313,0.062,0.032,678.1,0.191,2.0,IBU,1444,10.0,7,150,0.05,0.05,25,0.0,0,Ground water,Single,10201040771566695109,1,15.5423278,15.5423278,0.0,15.5423278,15.5423278,0.0,9.22288361,14444767371463548510
MCB,700,90,68.9,1.8,5.7,2.6,0.120464441,21.0,0.313,0.062,0.032,678.1,0.191,2.0,IBU,1445,1.0,7,150,0.05,0.05,25,0.0,0,Ground water,Single,13795006698287854458,1,0.542622455,0.542622455,0.0,0.542622455,0.542622455,0.0,0.972868877,3874883833811040991
MCB,700,90,68.9,1.8,5.7,2.6,0.120464441,21.0,0.313,0.062,0.032,678.1,0.191,2.0,IBU,1446,3.0,7,150,0.05,0.05,25,0.0,0,Ground water,Single,15991242187537347155,1,4.47511756,4.47511756,0.0,4.47511756,4.47511756,0.0,2.776244122,10944332932815698236
MCB,700,90,68.9,1.8,5.7,2.6,0.120464441,21.0,0.313,0.062,0.032,678.1,0.191,2.0,IBU,1447,5.0,7,150,0.05,0.05,25,0.0,0,Ground water,Single,5300177448612401242,1,7.785965408,7.785965408,0.0,7.785965408,7.785965408,0.0,4.61070173,9674880675314043927
MCB,700,90,68.9,1.8,5.7,2.6,0.120464441,21.0,0.313,0.062,0.032,678.1,0.191,2.0,IBU,1448,7.0,7,150,0.05,0.05,25,0.0,0,Ground water,Single,13011635884408028318,1,11.11294274,11.11294274,0.0,11.11294274,11.11294274,0.0,6.444352863,9129932409667025115
MCB,700,90,68.9,1.8,5.7,2.6,0.120464441,21.0,0.313,0.062,0.032,678.1,0.191,2.0,IBU,1449,10.0,7,150,0.05,0.05,25,0.0,0,Ground water,Single,482394137443692837,1,15.84269309,15.84269309,0.0,15.84269309,15.84269309,0.0,9.207865345,17640766424735666302
MCB,700,90,68.9,1.8,5.7,2.6,0.120464441,21.0,0.313,0.062,0.032,678.1,0.191,2.0,IBU,1450,1.0,7,150,0.05,0.05,25,0.0,0,Ground water,Single,11286042402943410773,1,0.676437466,0.676437466,0.0,0.676437466,0.676437466,0.0,0.966178127,4966413671079156510
MCB,700,90,68.9,1.8,5.7,2.6,0.120464441,21.0,0.313,0.062,0.032,678.1,0.191,2.0,IBU,1451,3.0,7,150,0.05,0.05,25,0.0,0,Ground water,Single,6983919466467850169,1,4.293002886,4.293002886,0.0,4.293002886,4.293002886,0.0,2.785349856,4670003115466949858
MCB,700,90,68.9,1.8,5.7,2.6,0.120464441,21.0,0.313,0.062,0.032,678.1,0.191,2.0,IBU,1452,5.0,7,150,0.05,0.05,25,0.0,0,Ground water,Single,14198828627270019372,1,8.138376153,8.138376153,0.0,8.138376153,8.138376153,0.0,4.593081192,8478866242794087545
MCB,700,90,68.9,1.8,5.7,2.6,0.120464441,21.0,0.313,0.062,0.032,678.1,0.191,2.0,IBU,1453,7.0,7,150,0.05,0.05,25,0.0,0,Ground water,Single,13815137717855114315,1,10.96642112,10.96642112,0.0,10.96642112,10.96642112,0.0,6.451678944,401299748537879660
MCB,700,90,68.9,1.8,5.7,2.6,0.120464441,21.0,0.313,0.062,0.032,678.1,0.191,2.0,IBU,1454,10.0,7,150,0.05,0.05,25,0.0,0,Ground water,Single,3258369349917870607,1,15.67648187,15.67648187,0.0,15.67648187,15.67648187,0.0,9.216175907,11903703796587238144
MCB,700,90,68.9,1.8,5.7,2.6,0.120464441,21.0,0.313,0.062,0.032,678.1,0.191,2.0,IBU,1440,1.0,7,150,0.05,0.05,35,0.0,0,Ground water,Single,5202510071170023157,1,1.03302993,1.03302993,0.0,1.03302993,1.03302993,0.0,0.948348504,11129661155083527294
MCB,700,90,68.9,1.8,5.7,2.6,0.120464441,21.0,0.313,0.062,0.032,678.1,0.191,2.0,IBU,1441,3.0,7,150,0.05,0.05,35,0.0,0,Ground water,Single,6298265626084442018,1,5.078730146,5.078730146,0.0,5.078730146,5.078730146,0.0,2.746063493,1649012201546367999
MCB,700,90,68.9,1.8,5.7,2.6,0.120464441,21.0,0.313,0.062,0.032,678.1,0.191,2.0,IBU,1442,5.0,7,150,0.05,0.05,35,0.0,0,Ground water,Single,4455110848701685405,1,8.911372581,8.911372581,0.0,8.911372581,8.911372581,0.0,4.554431371,8792620534792125774
MCB,700,90,68.9,1.8,5.7,2.6,0.120464441,21.0,0.313,0.062,0.032,678.1,0.191,2.0,IBU,1443,7.0,7,150,0.05,0.05,35,0.0,0,Ground water,Single,11762488407744678739,1,12.25173465,12.25173465,0.0,12.25173465,12.25173465,0.0,6.387413268,13646972427795895204
MCB,700,90,68.9,1.8,5.7,2.6,0.120464441,21.0,0.313,0.062,0.032,678.1,0.191,2.0,IBU,1444,10.0,7,150,0.05,0.05,35,0.0,0,Ground water,Single,6013514587014568581,1,16.53267674,16.53267674,0.0,16.53267674,16.53267674,0.0,9.173366163,16540512412547263006
MCB,700,90,68.9,1.8,5.7,2.6,0.120464441,21.0,0.313,0.062,0.032,678.1,0.191,2.0,IBU,1445,1.0,7,150,0.05,0.05,35,0.0,0,Ground water,Single,5063045211398234170,1,0.926541403,0.926541403,0.0,0.926541403,0.926541403,0.0,0.95367293,16065386681265212447
MCB,700,90,68.9,1.8,5.7,2.6,0.120464441,21.0,0.313,0.062,0.032,678.1,0.191,2.0,IBU,1446,3.0,7,150,0.05,0.05,35,0.0,0,Ground water,Single,14068852684247809683,1,4.795834427,4.795834427,0.0,4.795834427,4.795834427,0.0,2.760208279,4242113227020736892
MCB,700,90,68.9,1.8,5.7,2.6,0.120464441,21.0,0.313,0.062,0.032,678.1,0.191,2.0,IBU,1447,5.0,7,150,0.05,0.05,35,0.0,0,Ground water,Single,5401092152217355674,1,8.837587035,8.837587035,0.0,8.837587035,8.837587035,0.0,4.558120648,6937307671702764247
MCB,700,90,68.9,1.8,5.7,2.6,0.120464441,21.0,0.313,0.062,0.032,678.1,0.191,2.0,IBU,1448,7.0,7,150,0.05,0.05,35,0.0,0,Ground water,Single,4876135090601352030,1,11.61615371,11.61615371,0.0,11.61615371,11.61615371,0.0,6.419192315,650884918458672283
MCB,700,90,68.9,1.8,5.7,2.6,0.120464441,21.0,0.313,0.062,0.032,678.1,0.191,2.0,IBU,1449,10.0,7,150,0.05,0.05,35,0.0,0,Ground water,Single,5227174343604349669,1,16.78103695,16.78103695,0.0,16.78103695,16.78103695,0.0,9.160948152,13332991599891019582
MCB,700,90,68.9,1.8,5.7,2.6,0.120464441,21.0,0.313,0.062,0.032,678.1,0.191,2.0,IBU,1450,1.0,7,150,0.05,0.05,35,0.0,0,Ground water,Single,10615916952824361109,1,0.940014935,0.940014935,0.0,0.940014935,0.940014935,0.0,0.952999253,8852585918051063646
MCB,700,90,68.9,1.8,5.7,2.6,0.120464441,21.0,0.313,0.062,0.032,678.1,0.191,2.0,IBU,1451,3.0,7,150,0.05,0.05,35,0.0,0,Ground water,Single,5217975499825798009,1,4.975333508,4.975333508,0.0,4.975333508,4.975333508,0.0,2.751233325,10417972626326241314
MCB,700,90,68.9,1.8,5.7,2.6,0.120464441,21.0,0.313,0.062,0.032,678.1,0.191,2.0,IBU,1452,5.0,7,150,0.05,0.05,35,0.0,0,Ground water,Single,14111493200991021164,1,8.967753133,8.967753133,0.0,8.967753133,8.967753133,0.0,4.551612343,2662107263833251001
MCB,700,90,68.9,1.8,5.7,2.6,0.120464441,21.0,0.313,0.062,0.032,678.1,0.191,2.0,IBU,1453,7.0,7,150,0.05,0.05,35,0.0,0,Ground water,Single,17240586646336196107,1,11.89212295,11.89212295,0.0,11.89212295,11.89212295,0.0,6.405393853,12768888749867017644
MCB,700,90,68.9,1.8,5.7,2.6,0.120464441,21.0,0.313,0.062,0.032,678.1,0.191,2.0,IBU,1454,10.0,7,150,0.05,0.05,35,0.0,0,Ground water,Single,13502903946945625167,1,16.23847908,16.23847908,0.0,16.23847908,16.23847908,0.0,9.188076046,14521805741358922816
AMCB,700,90,71.4,1.6,5.1,2.5,0.106442577,19.4,0.269,0.054,0.03,950.2,0.42,1.0,IBU,1440,1.0,7,150,0.05,0.05,15,0.0,0,Ground water,Single,15326704995964888575,1,19.41590749,19.41590749,0.0,19.41590749,19.41590749,0.0,0.029204626,14854747554281942324
AMCB,700,90,71.4,1.6,5.1,2.5,0.106442577,19.4,0.269,0.054,0.03,950.2,0.42,1.0,IBU,1441,3.0,7,150,0.05,0.05,15,0.0,0,Ground water,Single,6263373633398562268,1,48.10068417,48.10068417,0.0,48.10068417,48.10068417,0.0,0.594965791,12382542368705442109
AMCB,700,90,71.4,1.6,5.1,2.5,0.106442577,19.4,0.269,0.054,0.03,950.2,0.42,1.0,IBU,1442,5.0,7,150,0.05,0.05,15,0.0,0,Ground water,Single,15656187769971727515,1,65.5023835,65.5023835,0.0,65.5023835,65.5023835,0.0,1.724880825,1250144468833931704
AMCB,700,90,71.4,1.6,5.1,2.5,0.106442577,19.4,0.269,0.054,0.03,950.2,0.42,1.0,IBU,1443,7.0,7,150,0.05,0.05,15,0.0,0,Ground water,Single,11971345250686531537,1,81.90482149,81.90482149,0.0,81.90482149,81.90482149,0.0,2.904758926,16007769332154566046
AMCB,700,90,71.4,1.6,5.1,2.5,0.106442577,19.4,0.269,0.054,0.03,950.2,0.42,1.0,IBU,1444,10.0,7,150,0.05,0.05,15,0.0,0,Ground water,Single,13447245047022571407,1,96.35233809,96.35233809,0.0,96.35233809,96.35233809,0.0,5.182383096,8931928064415706564
AMCB,700,90,71.4,1.6,5.1,2.5,0.106442577,19.4,0.269,0.054,0.03,950.2,0.42,1.0,IBU,1445,1.0,7,150,0.05,0.05,15,0.0,0,Ground water,Single,11502051642537447096,1,19.33232961,19.33232961,0.0,19.33232961,19.33232961,0.0,0.033383519,2494474262356447473
AMCB,700,90,71.4,1.6,5.1,2.5,0.106442577,19.4,0.269,0.054,0.03,950.2,0.42,1.0,IBU,1446,3.0,7,150,0.05,0.05,15,0.0,0,Ground water,Single,9591994285362170109,1,48.00012109,48.00012109,0.0,48.00012109,48.00012109,0.0,0.599993945,3975812499507297874
AMCB,700,90,71.4,1.6,5.1,2.5,0.106442577,19.4,0.269,0.054,0.03,950.2,0.42,1.0,IBU,1447,5.0,7,150,0.05,0.05,15,0.0,0,Ground water,Single,15301960229397454996,1,65.42640215,65.42640215,0.0,65.42640215,65.42640215,0.0,1.728679893,16971378590107282213
AMCB,700,90,71.4,1.6,5.1,2.5,0.106442577,19.4,0.269,0.054,0.03,950.2,0.42,1.0,IBU,1448,7.0,7,150,0.05,0.05,15,0.0,0,Ground water,Single,10095480628131707324,1,71.60230075,71.60230075,0.0,71.60230075,71.60230075,0.0,3.419884962,3288405580280377453
AMCB,700,90,71.4,1.6,5.1,2.5,0.106442577,19.4,0.269,0.054,0.03,950.2,0.42,1.0,IBU,1449,10.0,7,150,0.05,0.05,15,0.0,0,Ground water,Single,11246765387240227503,1,97.85299401,97.85299401,0.0,97.85299401,97.85299401,0.0,5.1073503,4043201825417480292
AMCB,700,90,71.4,1.6,5.1,2.5,0.106442577,19.4,0.269,0.054,0.03,950.2,0.42,1.0,IBU,1450,1.0,7,150,0.05,0.05,15,0.0,0,Ground water,Single,21663042305783391,1,19.48302488,19.48302488,0.0,19.48302488,19.48302488,0.0,0.025848756,5273671181931399444
AMCB,700,90,71.4,1.6,5.1,2.5,0.106442577,19.4,0.269,0.054,0.03,950.2,0.42,1.0,IBU,1451,3.0,7,150,0.05,0.05,15,0.0,0,Ground water,Single,5476090641586445271,1,47.95678621,47.95678621,0.0,47.95678621,47.95678621,0.0,0.602160689,10890612996892504908
AMCB,700,90,71.4,1.6,5.1,2.5,0.106442577,19.4,0.269,0.054,0.03,950.2,0.42,1.0,IBU,1452,5.0,7,150,0.05,0.05,15,0.0,0,Ground water,Single,16044322656900964210,1,65.99160427,65.99160427,0.0,65.99160427,65.99160427,0.0,1.700419786,11927604495688621867
AMCB,700,90,71.4,1.6,5.1,2.5,0.106442577,19.4,0.269,0.054,0.03,950.2,0.42,1.0,IBU,1453,7.0,7,150,0.05,0.05,15,0.0,0,Ground water,Single,6626193490020143849,1,76.17312963,76.17312963,0.0,76.17312963,76.17312963,0.0,3.191343519,17631489427209109286
AMCB,700,90,71.4,1.6,5.1,2.5,0.106442577,19.4,0.269,0.054,0.03,950.2,0.42,1.0,IBU,1454,10.0,7,150,0.05,0.05,15,0.0,0,Ground water,Single,7223928982610386437,1,95.8938909,95.8938909,0.0,95.8938909,95.8938909,0.0,5.205305455,11372770736063666330
AMCB,700,90,71.4,1.6,5.1,2.5,0.106442577,19.4,0.269,0.054,0.03,950.2,0.42,1.0,IBU,1440,1.0,7,150,0.05,0.05,25,0.0,0,Ground water,Single,5416937588040697047,1,19.89471432,19.89471432,0.0,19.89471432,19.89471432,0.0,0.005264284,681842854996113228
AMCB,700,90,71.4,1.6,5.1,2.5,0.106442577,19.4,0.269,0.054,0.03,950.2,0.42,1.0,IBU,1441,3.0,7,150,0.05,0.05,25,0.0,0,Ground water,Single,10872664682788582276,1,48.63196432,48.63196432,0.0,48.63196432,48.63196432,0.0,0.568401784,3620047003067915141
AMCB,700,90,71.4,1.6,5.1,2.5,0.106442577,19.4,0.269,0.054,0.03,950.2,0.42,1.0,IBU,1442,5.0,7,150,0.05,0.05,25,0.0,0,Ground water,Single,17733708730359010483,1,69.23472926,69.23472926,0.0,69.23472926,69.23472926,0.0,1.538263537,16053200679411320960
AMCB,700,90,71.4,1.6,5.1,2.5,0.106442577,19.4,0.269,0.054,0.03,950.2,0.42,1.0,IBU,1443,7.0,7,150,0.05,0.05,25,0.0,0,Ground water,Single,2870718948475246841,1,87.27229207,87.27229207,0.0,87.27229207,87.27229207,0.0,2.636385396,14088097249286282646
AMCB,700,90,71.4,1.6,5.1,2.5,0.106442577,19.4,0.269,0.054,0.03,950.2,0.42,1.0,IBU,1444,10.0,7,150,0.05,0.05,25,0.0,0,Ground water,Single,6957204742701140519,1,99.51006075,99.51006075,0.0,99.51006075,99.51006075,0.0,5.024496963,5341095197252057116
AMCB,700,90,71.4,1.6,5.1,2.5,0.106442577,19.4,0.269,0.054,0.03,950.2,0.42,1.0,IBU,1445,1.0,7,150,0.05,0.05,25,0.0,0,Ground water,Single,7757649415160392368,1,20.0,20.0,0.0,20.0,20.0,0.0,0.0,7320263328106590089
AMCB,700,90,71.4,1.6,5.1,2.5,0.106442577,19.4,0.269,0.054,0.03,950.2,0.42,1.0,IBU,1446,3.0,7,150,0.05,0.05,25,0.0,0,Ground water,Single,7160425035341295589,1,49.64386769,49.64386769,0.0,49.64386769,49.64386769,0.0,0.517806616,14217356271743254970
AMCB,700,90,71.4,1.6,5.1,2.5,0.106442577,19.4,0.269,0.054,0.03,950.2,0.42,1.0,IBU,1447,5.0,7,150,0.05,0.05,25,0.0,0,Ground water,Single,13008548751510191596,1,67.37306505,67.37306505,0.0,67.37306505,67.37306505,0.0,1.631346748,8514151187115479069
AMCB,700,90,71.4,1.6,5.1,2.5,0.106442577,19.4,0.269,0.054,0.03,950.2,0.42,1.0,IBU,1448,7.0,7,150,0.05,0.05,25,0.0,0,Ground water,Single,1215250801037100964,1,84.16060869,84.16060869,0.0,84.16060869,84.16060869,0.0,2.791969565,5990114117218492661
AMCB,700,90,71.4,1.6,5.1,2.5,0.106442577,19.4,0.269,0.054,0.03,950.2,0.42,1.0,IBU,1449,10.0,7,150,0.05,0.05,25,0.0,0,Ground water,Single,16509248199414197255,1,95.47365234,95.47365234,0.0,95.47365234,95.47365234,0.0,5.226317383,11166537510610801532
AMCB,700,90,71.4,1.6,5.1,2.5,0.106442577,19.4,0.269,0.054,0.03,950.2,0.42,1.0,IBU,1450,1.0,7,150,0.05,0.05,25,0.0,0,Ground water,Single,6536290938282073975,1,19.83660619,19.83660619,0.0,19.83660619,19.83660619,0.0,0.008169691,5391292762720185836
AMCB,700,90,71.4,1.6,5.1,2.5,0.106442577,19.4,0.269,0.054,0.03,950.2,0.42,1.0,IBU,1451,3.0,7,150,0.05,0.05,25,0.0,0,Ground water,Single,1004080232524795647,1,49.82836384,49.82836384,0.0,49.82836384,49.82836384,0.0,0.508581808,10149225752138262836
AMCB,700,90,71.4,1.6,5.1,2.5,0.106442577,19.4,0.269,0.054,0.03,950.2,0.42,1.0,IBU,1452,5.0,7,150,0.05,0.05,25,0.0,0,Ground water,Single,4574388838173876122,1,67.18646996,67.18646996,0.0,67.18646996,67.18646996,0.0,1.640676502,18004675998426904163
AMCB,700,90,71.4,1.6,5.1,2.5,0.106442577,19.4,0.269,0.054,0.03,950.2,0.42,1.0,IBU,1453,7.0,7,150,0.05,0.05,25,0.0,0,Ground water,Single,15429002766855510145,1,78.58598155,78.58598155,0.0,78.58598155,78.58598155,0.0,3.070700922,8889855346078594862
AMCB,700,90,71.4,1.6,5.1,2.5,0.106442577,19.4,0.269,0.054,0.03,950.2,0.42,1.0,IBU,1454,10.0,7,150,0.05,0.05,25,0.0,0,Ground water,Single,17540682116660840541,1,90.719401,90.719401,0.0,90.719401,90.719401,0.0,5.46402995,10464548935341551474
AMCB,700,90,71.4,1.6,5.1,2.5,0.106442577,19.4,0.269,0.054,0.03,950.2,0.42,1.0,IBU,1440,1.0,7,150,0.05,0.05,35,0.0,0,Ground water,Single,2288984687875381655,1,19.95246725,19.95246725,0.0,19.95246725,19.95246725,0.0,0.002376637,11289777811743478284
AMCB,700,90,71.4,1.6,5.1,2.5,0.106442577,19.4,0.269,0.054,0.03,950.2,0.42,1.0,IBU,1441,3.0,7,150,0.05,0.05,35,0.0,0,Ground water,Single,6018886123328251204,1,50.82752023,50.82752023,0.0,50.82752023,50.82752023,0.0,0.458623988,12330415739417403333
AMCB,700,90,71.4,1.6,5.1,2.5,0.106442577,19.4,0.269,0.054,0.03,950.2,0.42,1.0,IBU,1442,5.0,7,150,0.05,0.05,35,0.0,0,Ground water,Single,9630602491408957811,1,69.69692224,69.69692224,0.0,69.69692224,69.69692224,0.0,1.515153888,9261784891593533632
AMCB,700,90,71.4,1.6,5.1,2.5,0.106442577,19.4,0.269,0.054,0.03,950.2,0.42,1.0,IBU,1443,7.0,7,150,0.05,0.05,35,0.0,0,Ground water,Single,12670958450097869881,1,85.46103453,85.46103453,0.0,85.46103453,85.46103453,0.0,2.726948273,10369385875345292374
AMCB,700,90,71.4,1.6,5.1,2.5,0.106442577,19.4,0.269,0.054,0.03,950.2,0.42,1.0,IBU,1444,10.0,7,150,0.05,0.05,35,0.0,0,Ground water,Single,18008818454929617895,1,103.5785586,103.5785586,0.0,103.5785586,103.5785586,0.0,4.82107207,13815548125766763356
AMCB,700,90,71.4,1.6,5.1,2.5,0.106442577,19.4,0.269,0.054,0.03,950.2,0.42,1.0,IBU,1445,1.0,7,150,0.05,0.05,35,0.0,0,Ground water,Single,15555484437267679088,1,19.929379,19.929379,0.0,19.929379,19.929379,0.0,0.00353105,6117085233908319817
AMCB,700,90,71.4,1.6,5.1,2.5,0.106442577,19.4,0.269,0.054,0.03,950.2,0.42,1.0,IBU,1446,3.0,7,150,0.05,0.05,35,0.0,0,Ground water,Single,18276777132560963109,1,50.60587297,50.60587297,0.0,50.60587297,50.60587297,0.0,0.469706351,796732147293206906
AMCB,700,90,71.4,1.6,5.1,2.5,0.106442577,19.4,0.269,0.054,0.03,950.2,0.42,1.0,IBU,1447,5.0,7,150,0.05,0.05,35,0.0,0,Ground water,Single,2708808185253147564,1,67.41271065,67.41271065,0.0,67.41271065,67.41271065,0.0,1.629364467,6578663118409487197
AMCB,700,90,71.4,1.6,5.1,2.5,0.106442577,19.4,0.269,0.054,0.03,950.2,0.42,1.0,IBU,1448,7.0,7,150,0.05,0.05,35,0.0,0,Ground water,Single,13020775319250142948,1,80.93630144,80.93630144,0.0,80.93630144,80.93630144,0.0,2.953184928,11627052087133750197
AMCB,700,90,71.4,1.6,5.1,2.5,0.106442577,19.4,0.269,0.054,0.03,950.2,0.42,1.0,IBU,1449,10.0,7,150,0.05,0.05,35,0.0,0,Ground water,Single,14996048334728548551,1,101.083146,101.083146,0.0,101.083146,101.083146,0.0,4.945842701,17781623503847767868
AMCB,700,90,71.4,1.6,5.1,2.5,0.106442577,19.4,0.269,0.054,0.03,950.2,0.42,1.0,IBU,1450,1.0,7,150,0.05,0.05,35,0.0,0,Ground water,Single,16479882799802070071,1,20.0,20.0,0.0,20.0,20.0,0.0,0.0,17729868928472575020
AMCB,700,90,71.4,1.6,5.1,2.5,0.106442577,19.4,0.269,0.054,0.03,950.2,0.42,1.0,IBU,1451,3.0,7,150,0.05,0.05,35,0.0,0,Ground water,Single,3661506406695586623,1,51.15141779,51.15141779,0.0,51.15141779,51.15141779,0.0,0.442429111,17449213603658389108
AMCB,700,90,71.4,1.6,5.1,2.5,0.106442577,19.4,0.269,0.054,0.03,950.2,0.42,1.0,IBU,1452,5.0,7,150,0.05,0.05,35,0.0,0,Ground water,Single,5389074033231998554,1,68.08262528,68.08262528,0.0,68.08262528,68.08262528,0.0,1.595868736,2706204062275968675
AMCB,700,90,71.4,1.6,5.1,2.5,0.106442577,19.4,0.269,0.054,0.03,950.2,0.42,1.0,IBU,1453,7.0,7,150,0.05,0.05,35,0.0,0,Ground water,Single,2649861701642323137,1,82.09281317,82.09281317,0.0,82.09281317,82.09281317,0.0,2.895359341,3098730747218894830
AMCB,700,90,71.4,1.6,5.1,2.5,0.106442577,19.4,0.269,0.054,0.03,950.2,0.42,1.0,IBU,1454,10.0,7,150,0.05,0.05,35,0.0,0,Ground water,Single,16808907155016778013,1,103.3970009,103.3970009,0.0,103.3970009,103.3970009,0.0,4.830149953,1184082232974075442
CB,700,90,85.7,1.8,3.2,3.7,0.080513419,5.6,0.252,0.028,0.037,9.4,0.011,4.9,IBU,1440,5.0,5,150,0.05,0.05,25,0.0,0,Ground water,Single,10743162262469192197,3,12.40739978,12.464090033333335,0.10672415139116462,12.39767385,12.58719647,0.18952261999999997,4.379630011,5105062857751677994
CB,700,90,85.7,1.8,3.2,3.7,0.080513419,5.6,0.252,0.028,0.037,9.4,0.011,4.9,IBU,1440,5.0,9,150,0.05,0.05,25,0.0,0,Ground water,Single,6457541454058739085,3,7.614941624,7.638679370999999,0.1587475870805786,7.493137362,7.807959127,0.3148217650000005,4.619252919,13750774863075917346
CB,700,90,85.7,1.8,3.2,3.7,0.080513419,5.6,0.252,0.028,0.037,9.4,0.011,4.9,IBU,1440,5.0,11,150,0.05,0.05,25,0.0,0,Ground water,Single,15252496250798709926,3,7.627888019,7.681347049333334,0.20774194634196014,7.50555912,7.910594009,0.4050348890000004,4.618605599,428591887007465085
MCB,700,90,68.9,1.8,5.7,2.6,0.120464441,21.0,0.313,0.062,0.032,678.1,0.191,2.0,IBU,1443,5.0,5,150,0.05,0.05,25,0.0,0,Ground water,Single,13817195775658546547,3,12.81561477,12.838736410000001,0.057824998827030606,12.7960499,12.90454456,0.10849465999999985,4.359219261,17626345712903150066
MCB,700,90,68.9,1.8,5.7,2.6,0.120464441,21.0,0.313,0.062,0.032,678.1,0.191,2.0,IBU,1443,5.0,7,150,0.05,0.05,25,0.0,0,Ground water,Single,4535148713564086590,3,7.644506863,7.711181331666666,0.21425449411697736,7.53819146,7.950845672,0.41265421199999963,4.617774657,3065529777730095851
MCB,700,90,68.9,1.8,5.7,2.6,0.120464441,21.0,0.313,0.062,0.032,678.1,0.191,2.0,IBU,1443,5.0,9,150,0.05,0.05,25,0.0,0,Ground water,Single,5779428412404506123,3,7.738109939,7.723027336,0.04226422759407459,7.67529087,7.755681199,0.0803903289999992,4.613094503,13945283658782213978
MCB,700,90,68.9,1.8,5.7,2.6,0.120464441,21.0,0.313,0.062,0.032,678.1,0.191,2.0,IBU,1443,5.0,11,150,0.05,0.05,25,0.0,0,Ground water,Single,1493938708650295700,3,7.710594816,7.785537004999999,0.1717966322564596,7.663942597,7.982073602,0.3181310049999997,4.614470259,905209574315859701
AMCB,700,90,71.4,1.6,5.1,2.5,0.106442577,19.4,0.269,0.054,0.03,950.2,0.42,1.0,IBU,1454,5.0,5,150,0.05,0.05,25,0.0,0,Ground water,Single,12231726839937393981,3,82.74779149,84.09037993333332,3.9755866979577843,80.9599138,88.56343451,7.603520709999998,0.862610426,636911998549351200
AMCB,700,90,71.4,1.6,5.1,2.5,0.106442577,19.4,0.269,0.054,0.03,950.2,0.42,1.0,IBU,1454,5.0,7,150,0.05,0.05,25,0.0,0,Ground water,Single,7905011583216626660,3,66.92591741,67.92995979333334,3.148659549822755,65.40576534,71.45819663,6.052431290000001,1.65370413,11313527856311667365
AMCB,700,90,71.4,1.6,5.1,2.5,0.106442577,19.4,0.269,0.054,0.03,950.2,0.42,1.0,IBU,1454,5.0,9,150,0.05,0.05,25,0.0,0,Ground water,Single,17855955313651295445,3,62.74991424,63.555404890000005,1.8966303165789569,62.19446227,65.72183816,3.527375890000002,1.862504288,14831366828003343368
AMCB,700,90,71.4,1.6,5.1,2.5,0.106442577,19.4,0.269,0.054,0.03,950.2,0.42,1.0,IBU,1454,5.0,11,150,0.05,0.05,25,0.0,0,Ground water,Single,18076858949388428206,3,50.15371018,53.64321276333333,6.139417057179504,50.04381112,60.73211699,10.68830587,2.492314491,18111316653256420027
