_cross_domain_signature,source_capacity,source_replicates,source_capacity_std,source_capacity_spread,target_capacity,target_replicates,target_capacity_std,target_capacity_spread,capacity_shift,absolute_capacity_shift
4606319618248362964,0.0,1,0.0,0.0,0.0,1,0.0,0.0,0.0,0.0
5203743586402545340,14.17120229,3,0.6716445252299992,1.316940259999999,14.44646584,3,0.08786279052749504,0.1717261600000004,0.27526355,0.27526355
11119306344126108049,16.32788388,3,1.2502751686271982,2.496945509999998,15.62173129,3,0.11367205274187188,0.2201509399999999,-0.7061525900000021,0.7061525900000021
11527717656905264619,17.22177881,3,0.9781072829180306,1.846118589999998,16.88164032,3,0.17683670217609213,0.32164565000000067,-0.34013849000000107,0.34013849000000107
11292412908033921114,16.51826825,3,1.3914839198679787,2.4686027599999996,17.00858908,3,0.05237181713622697,0.10033063999999925,0.4903208300000017,0.4903208300000017
3024539414377595327,16.7887568,3,3.8552938535543846,6.876557289999999,17.4625326,3,0.06566522646528536,0.11640571999999949,0.6737757999999978,0.6737757999999978
10422153446086623198,17.23071592,3,1.448057184474923,2.528088440000001,17.54960963,3,0.0294855290482844,0.05874608999999964,0.31889370999999755,0.31889370999999755
5392787669627476874,17.23813835,3,3.615335731888597,6.333596030000001,17.71590352,3,0.5586744388442485,1.0110779500000007,0.4777651700000014,0.4777651700000014
8073319218673899866,17.23813835,3,3.615335731888597,6.333596030000001,16.30019973,3,0.5008810086928075,0.9532585100000013,-0.9379386200000006,0.9379386200000006
13623055413736580102,0.0,1,0.0,0.0,0.0,1,0.0,0.0,0.0,0.0
15853460460369335118,13.91868839,3,0.6224382424862823,1.1290394500000005,16.15534017,3,0.29204313991078623,0.5751112099999993,2.236651779999999,2.236651779999999
2387301737970739743,14.78917427,3,1.2526453684129395,2.24544382,17.94998036,3,0.6584718436157586,1.3169069600000007,3.1608060900000012,3.1608060900000012
15774731731294643949,15.72133017,3,0.8549058168007461,1.7082452199999985,18.6868745,3,0.34022766414067657,0.6078324099999968,2.9655443299999984,2.9655443299999984
2223772608570798200,15.38987776,3,1.6521965260034381,2.8719877900000004,19.22913671,3,0.6895844725473974,1.3441364,3.8392589499999996,3.8392589499999996
15023406623727177329,15.42913262,3,3.8676566296098365,6.979157594,19.16432581,3,0.3786071221117088,0.74107403,3.7351931900000004,3.7351931900000004
9998341019866298476,15.57221697,3,1.5557625236368735,2.902316260000001,19.8012145,3,0.4219203626743883,0.8409328800000004,4.228997530000001,4.228997530000001
7555473886408134344,15.90465766,3,4.024036134090432,6.977035796999999,20.25228212,3,0.5228069938236378,0.9161108200000001,4.3476244600000005,4.3476244600000005
8674591587285545848,14.99661152,9,2.1181394928939237,6.977035796999999,19.121072145,14,0.6493511634271116,1.85447731,4.124460624999999,4.124460624999999
6639156826482146662,0.0,1,0.0,0.0,0.0,1,0.0,0.0,0.0,0.0
5458416111978969518,14.87129357,3,1.202847563694383,2.3900728200000003,16.89988512,3,0.24924378060011237,0.4949087499999969,2.02859155,2.02859155
7731488106351775999,15.68799021,3,1.5391978779817623,2.8103837500000015,18.17632699,3,0.5072648070515556,0.9328999300000014,2.488336779999999,2.488336779999999
15761722521374951181,16.10270243,3,1.1859873349861854,2.0772850699999985,19.26992768,3,0.5565307331971229,1.088352780000001,3.1672252499999978,3.1672252499999978
12678559712954565848,16.33182844,3,1.8464597755582532,3.2185535200000004,19.78484896,3,0.7941954140633273,1.5517610499999996,3.4530205200000026,3.4530205200000026
18057179016669917009,16.56544362,3,3.961982492978508,6.864955176999999,19.78377849,3,0.8561648219835515,1.6999686700000005,3.2183348699999996,3.2183348699999996
15372160975156318604,16.37114691,3,1.8837269995442183,3.6390685000000005,20.67835043,3,0.46517059011799156,0.8824834800000012,4.307203519999998,4.307203519999998
7262915639397464744,16.63389065,3,4.331746388460078,7.761245228999998,20.66529595,3,0.4427499960918926,0.8546382600000015,4.031405299999999,4.031405299999999
175192195968700888,15.1857729,9,2.219982470253417,7.761245228999998,20.025033185,14,0.847477039835171,2.2380936300000016,4.839260285000002,4.839260285000002
6980173315963619956,16.12273579,3,1.476663190519253,2.595169500000001,21.49577512,3,1.1847717132015994,2.1479263700000004,5.373039330000001,5.373039330000001
13098093264770999469,15.137365115,6,0.42216132978270043,1.2605346399999995,18.26438455,9,0.9369419079495462,2.8350935600000007,3.1270194349999993,3.1270194349999993
16871025278348489500,13.19496083,3,0.05434620830669526,0.10679464000000038,17.26357285,3,0.09304306999208228,0.1729319199999999,4.06861202,4.06861202
17341346626665439523,13.69478026,3,0.4449438670037317,0.8657092099999986,16.13579508,3,0.3165028531349215,0.5837325400000015,2.4410148200000013,2.4410148200000013
5370958945688439817,17.83137844,3,1.3554278352093168,2.484561450000001,21.75317842,3,0.5089387188493394,1.0166903299999994,3.9217999799999994,3.9217999799999994
11458264218181395617,14.63109228,3,0.8924488648824095,1.7829378200000008,19.16141715,3,0.37971272327030736,0.6582981199999978,4.530324869999998,4.530324869999998
15057477215985269946,14.07863103,3,0.02527197043296658,0.044470290000001356,17.98311701,3,0.0823859634203891,0.15219754000000307,3.9044859800000005,3.9044859800000005
6537491400831065065,20.34218255,3,0.33911442682260085,0.6057655199999985,22.89928752,3,1.6938392942546747,3.3185392699999987,2.557104970000001,2.557104970000001
7183166703013568513,14.57192725,3,0.20524877746605044,0.3576139300000012,18.5045802,3,0.21582257673911492,0.3849440200000025,3.9326529499999996,3.9326529499999996
11229639457330036890,13.04317162,3,0.31862980596623547,0.5805912700000011,17.26124304,3,0.4852017821057891,0.9251544599999981,4.218071419999999,4.218071419999999
14460135710331119362,15.16815241,3,0.08671958934328207,0.1729464200000006,18.38244058,3,1.3345300647425589,2.66888445,3.2142881700000014,3.2142881700000014
13386038250827251893,15.04282343,3,0.7885469181171932,1.5557140399999998,17.29507799,3,0.5124968379394208,0.9793909899999989,2.252254559999999,2.252254559999999
9212115034082343674,15.71492368,3,0.5849750872797939,1.1665449800000012,18.3312792,3,0.5978060575662277,1.161125030000001,2.616355520000001,2.616355520000001
17015321267674426022,16.73687875,3,0.19417950539594034,0.38406941999999944,17.59235683,3,0.49104907452226076,0.9118473599999994,0.855478080000001,0.855478080000001
1932061066828123752,17.86636216,3,0.5779747226306557,1.0711006999999988,16.04739171,3,1.2380267270163239,2.287950610000001,-1.818970450000002,1.818970450000002
4509242028306365109,15.34058377,3,0.7263476186632619,1.4429275700000002,17.10889887,3,0.42604304918026215,0.7948713699999992,1.7683151000000006,1.7683151000000006
14202409225814708589,15.84978407,3,0.11082347058601938,0.19773148000000162,18.50934797,3,1.2411421893482864,2.1758538499999993,2.6595639,2.6595639
12564473876495876544,14.49480101,3,1.0168037933920757,1.7797444899999988,18.40713328,3,0.25789629508740186,0.515748539999997,3.9123322700000003,3.9123322700000003
1813780034134786232,15.34495767,3,0.17849541229894542,0.3373930500000011,20.02057158,3,0.7048455901846106,1.2314069200000013,4.675613909999999,4.675613909999999
4634105493083206112,14.80822459,3,0.7213257198605599,1.271791480000001,19.90873317,3,0.30193401899849853,0.5364114399999984,5.100508580000001,5.100508580000001
5097594193064702360,15.78454518,3,0.4836541408094115,0.9205737999999997,21.2613338,3,0.6801821463086368,1.2108057700000003,5.476788619999999,5.476788619999999
5985184933789745512,0.0,1,0.0,0.0,0.0,1,0.0,0.0,0.0,0.0
7823299531643114528,144.533151,3,34.22794746352768,63.867469099999994,90.16372742,3,8.062833961852544,16.09178869,-54.36942358,54.36942358
12956884679836284245,150.1989005,3,6.564061916324231,12.424495199999996,104.2284102,3,1.8535906460244098,3.598987799999989,-45.97049030000001,45.97049030000001
1729827708451294951,157.48997,3,9.535655217654442,19.0627571,130.9519993,3,0.6002737990460835,1.1771778000000097,-26.53797069999999,26.53797069999999
14661902647192091926,176.1731686,3,19.635171407996005,38.32855040000001,153.5606127,3,11.120131978231301,21.431629700000002,-22.61255589999999,22.61255589999999
16203560152261460499,193.5824935,3,8.185141839357758,15.211718600000012,166.7371919,3,0.7271545728605638,1.3788257999999871,-26.8453016,26.8453016
10536500576727325938,193.6168628,3,15.270975570697702,26.78518650000001,174.3891721,3,4.803187929016779,9.605329099999977,-19.22769070000001,19.22769070000001
10188785374959780006,194.1076374,3,4.436214511295943,7.752651700000001,174.0987509,3,0.2882393990424688,0.5111985000000061,-20.00888649999999,20.00888649999999
16190478640575387670,191.04670835000002,6,3.1333956937286107,7.752651700000001,179.92426765,6,6.010461319128573,11.380636100000004,-11.122440700000027,11.122440700000027
8289078470576211386,0.0,1,0.0,0.0,0.0,1,0.0,0.0,0.0,0.0
15167967824807414386,85.45114121,3,39.71557268390808,75.03450141,48.76561963,3,0.6720493947279331,1.2438903900000042,-36.68552158,36.68552158
1831300268555900035,91.05162851,3,1.63168600593629,3.2095811399999974,60.68388993,3,0.994515879419029,1.9136506200000056,-30.36773858,30.36773858
14615115361624732361,95.45575979,3,10.906281770396633,21.792457659999997,73.87287411,3,1.1467629617614588,2.2515341000000006,-21.582885680000004,21.582885680000004
17532704394185576884,102.0173098,3,13.165920449709875,25.580862850000003,82.2331982,3,1.7639476495591777,3.527860000000004,-19.784111600000003,19.784111600000003
15623530893936147813,92.89581855,3,12.67729499226648,24.491375540000007,81.93930885,3,1.2202759735897664,2.4086860599999937,-10.956509699999998,10.956509699999998
10930103189113536160,98.33483822,3,9.635885298730775,17.18527356,82.83055081,3,0.48377474881491084,0.9164002600000032,-15.50428740999999,15.50428740999999
6383588644189169924,98.53143789,3,4.97155176919039,9.327023499999996,82.6411851,3,0.41886197270712455,0.8300395999999921,-15.890252790000005,15.890252790000005
6201870339659061428,92.52561308,12,7.776416118390369,23.114966600000002,77.22438452,15,10.272856265847588,39.63572226000001,-15.301228559999998,15.301228559999998
9118276425417417370,0.0,1,0.0,0.0,0.0,1,0.0,0.0,0.0,0.0
13515343038612849874,71.26186908,3,34.984874766381104,66.98196844,38.20195295,3,0.3659551890774128,0.673115580000001,-33.05991613,33.05991613
16002516341922887779,73.30368092,3,1.1370323045867072,2.0212563000000046,49.12704629,3,3.250022963021562,6.185347639999996,-24.176634630000002,24.176634630000002
13705049281747097961,79.17594846,3,8.856176269095728,17.667205210000006,62.99284614,3,0.243779493752597,0.48751990999999606,-16.183102320000003,16.183102320000003
15109454423716139156,79.91301527,3,10.310015062059042,20.581888020000008,65.00045691,3,3.881244514054734,6.742539359999995,-14.912558360000006,14.912558360000006
7198551348944811973,68.49643457,3,12.036235371328315,21.994264169999994,65.18409441,3,2.135982585550552,3.762760759999999,-3.312340160000005,3.312340160000005
12841015315691303488,75.44196368,3,8.562027948140813,16.332275709999998,65.30178063,3,2.0053529723469508,3.8651993499999975,-10.140183050000005,10.140183050000005
2555793630376993380,79.93079374,3,4.568703157681563,8.37904476,65.65806376,3,2.74507137294339,5.071421110000003,-14.272729979999994,14.272729979999994
7339937520178522516,73.65280341,12,7.134742140981697,22.9332651,65.65332219000001,12,4.902019083895888,13.244266330000002,-7.999481219999993,7.999481219999993
18259257662316553928,64.2882987,3,0.004680229285240621,0.008801890000000867,64.8903021,3,0.06423485716208689,0.11265253999999914,0.602003400000001,0.602003400000001
10746897135169808876,130.2845151,3,0.3752350948540652,0.7160342999999898,126.0338032,3,0.13512206890704,0.2687215999999921,-4.250711899999999,4.250711899999999
1965887346303090451,246.5544737,3,7.634676297914795,14.837323700000013,225.3867619,3,2.769780368677622,5.2262197000000015,-21.167711799999978,21.167711799999978
8795779855184611269,266.2126217,3,0.9739097310018793,1.7952172999999902,253.7893399,3,7.373442589271933,13.929293700000017,-12.423281800000012,12.423281800000012
12303629800508652178,62.57653284,3,0.39489895302968786,0.7820078600000002,54.75327727,3,0.7919255165770014,1.4739921800000033,-7.823255570000001,7.823255570000001
13158167679119574142,93.21063911,3,4.41899227859944,7.7885111199999955,77.09472432,3,8.123189982291946,16.158931859999996,-16.115914790000005,16.115914790000005
4789693125238229873,100.369383,3,2.985251091902799,5.960015909999996,92.0230423,3,4.84786474220014,9.68887703,-8.346340699999999,8.346340699999999
7632814692259121583,87.88959852,3,4.435684545232388,8.010911179999994,95.69277177,3,11.804464303422007,21.737355590000007,7.803173249999986,7.803173249999986
14858936633556424690,59.62634316,3,0.7548308897995877,1.4937457699999968,52.90707681,3,0.8961606413789279,1.6037947499999987,-6.719266349999998,6.719266349999998
4538445784081728990,70.38856734,3,4.815558517013483,9.546373309999993,66.76808811,3,10.461715427225217,18.545054730000004,-3.620479230000001,3.620479230000001
14342196852316335761,82.90389308,3,12.74727535745552,25.475321649999998,70.35687624,3,5.536540334511678,9.855371140000003,-12.547016839999998,12.547016839999998
12692294455677837647,66.17053164,3,4.938264143934977,8.642237469999998,73.29670399,3,0.85541495608449,1.4863020199999966,7.1261723500000045,7.1261723500000045
6121369312763242576,196.7817474,3,0.8412500248875481,1.674346600000007,190.595886,3,2.8517547573249664,5.691406100000023,-6.185861399999993,6.185861399999993
6227085730271168273,184.8805772,6,7.346941005046794,21.890465500000005,172.0266924,9,5.2540772517331185,18.136382699999984,-12.853884800000003,12.853884800000003
4824154829753263432,174.6705689,3,6.0726534578062505,11.143650199999996,152.656609,3,4.24740555145531,7.880200699999989,-22.013959900000003,22.013959900000003
13997942976201436343,171.3788888,3,4.221736245558917,8.299037300000009,145.3785096,3,4.758363152208212,9.471490399999993,-26.000379199999998,26.000379199999998
17671362315167039981,118.9174435,3,3.543005258537745,6.920711900000001,96.67411867,3,6.012469622893867,11.945826999999994,-22.243324830000006,22.243324830000006
13327102405367135589,87.55866613,3,7.966663720412959,15.68092858,62.75924066,3,0.7742707888520197,1.5485287700000043,-24.799425470000003,24.799425470000003
7562648294249769078,80.01233269,3,3.163437355207018,6.321657979999998,51.973701,3,2.1902943543581648,4.2090565100000035,-28.038631689999995,28.038631689999995
360511175814646349,110.1641806,3,5.421220183414184,10.472061199999999,94.31416328,3,5.267430613232705,9.218079619999997,-15.850017319999992,15.850017319999992
13538447718150376005,65.19424479,3,6.3297113845218735,12.115670970000004,50.22163876,3,1.1438262795523872,2.259758439999999,-14.972606030000001,14.972606030000001
6164351067591426134,51.92702275,3,1.6792514133830807,2.9667636,38.06104336,3,0.961021659047713,1.7744325800000027,-13.86597939,13.86597939
12131334819609460550,190.729034,3,1.6733900304804357,3.0449516000000187,177.1620054,3,4.715130985609718,9.308853,-13.567028600000015,13.567028600000015
10012316496751475497,191.812615,3,2.0584869511521235,3.903101100000015,179.105641,3,3.4468644614110535,6.8508216000000175,-12.706974000000002,12.706974000000002
10910916810473753198,192.0140311,3,4.252284980228866,8.449662900000021,186.0584129,3,7.438969215057984,13.851656899999995,-5.9556182000000035,5.9556182000000035
17384663876044263906,193.8653434,3,0.8129541233507632,1.5007669000000021,181.2017167,3,1.210239802275816,2.250474099999991,-12.663626700000009,12.663626700000009
15386933908955545436,192.8813951,3,5.464341075500613,10.554898999999978,182.9370612,3,11.377206925403453,19.882395400000007,-9.944333900000004,9.944333900000004
6991625221926194153,180.7634297,3,3.1985652451129147,5.917324600000001,167.0779885,3,0.2429932372428184,0.43917170000000283,-13.685441199999985,13.685441199999985
10224810051058977873,187.8359454,3,1.6412517672923443,3.0767945999999995,181.832546,3,5.950940383356051,10.627278800000028,-6.003399400000006,6.003399400000006
13826167484653324492,76.76053759,3,2.829085164403581,5.542463670000004,72.89459636,3,2.5490147465872695,5.031021969999998,-3.8659412300000042,3.8659412300000042
6338192421362953972,109.9616436,3,10.341479882730804,20.246344699999995,87.78495046,3,7.335083824556933,14.402876059999997,-22.176693139999998,22.176693139999998
7379239428958632556,61.92134518,3,2.528867053529732,5.044539080000007,57.641649,3,7.230254832901161,12.957789580000004,-4.279696180000002,4.279696180000002
11734719218080507220,85.17352158,3,7.4576921120463044,14.408973939999996,69.79127526,3,2.386192555932204,4.676741159999992,-15.382246319999993,15.382246319999993
